date_sold,sales_price,address,bedrooms,bathrooms,square_feet,home_type,year_built,neighborhood,lat,long,age
2022-05-20T00:00:00Z,320000,"2150 3rd Ct APT 307, Tuscaloosa, AL 35401",3,3,1700,Townhouse,2014,Forest Lake,33.1919865909742,-87.5412253865088,8
2022-05-20T00:00:00Z,174900,"120 15th St E APT 918, Tuscaloosa, AL 35401",2,2,1040,Condominium,1991,University,33.2009478518015,-87.5350769881787,31
2022-05-20T00:00:00Z,150000,"210 15th St E APT 35, Tuscaloosa, AL 35401",2,2,995,Condominium,1985,University,33.1991750656995,-87.5338094173017,37
2022-05-19T00:00:00Z,185000,"1901 5th Ave E UNIT 2106, Tuscaloosa, AL 35401",2,2,1112,Condominium,2007,Forest Lake,33.1936395660404,-87.5297605866166,15
2022-05-16T00:00:00Z,167000,"120 15th St E APT 519, Tuscaloosa, AL 35401",2,2,1040,Condominium,1991,University,33.2009919162692,-87.5353680866164,31
2022-05-16T00:00:00Z,174000,"120 15th St E APT 512, Tuscaloosa, AL 35401",2,2,1040,Condominium,1991,University,33.2008767519403,-87.5354945577808,31
2022-05-16T00:00:00Z,3e+05,"1100 14th Ave APT A8, Tuscaloosa, AL 35401",2,3,1096,Townhouse,1977,University,33.2053915970878,-87.5552942866164,45
2022-05-16T00:00:00Z,174900,"120 15th St E APT 120, Tuscaloosa, AL 35401",2,2,1040,Condominium,1991,University,33.1998949966223,-87.5351856136026,31
2022-05-16T00:00:00Z,186000,"600 13th St E APT 516, Tuscaloosa, AL 35401",3,3,1175,Condominium,2006,University,33.2016082731559,-87.5273283154521,16
2022-05-16T00:00:00Z,649900,"1150 8th St #411, Tuscaloosa, AL 35401",1,2,1183,Condominium,2020,University,33.2097890171877,-87.5523566307945,2
2022-05-13T00:00:00Z,130000,"1813 Hackberry Ln APT 5, Tuscaloosa, AL 35401",2,2,894,Condominium,1985,Forest Lake,33.1948875880273,-87.5426836577809,37
2022-05-13T00:00:00Z,172000,"120 15th St E APT 114, Tuscaloosa, AL 35401",2,2,1072,Condominium,1991,University,33.1998988313811,-87.5352499866165,31
2022-05-13T00:00:00Z,219900,"600 13th St E APT 716, Tuscaloosa, AL 35401",3,3,1175,Condominium,2006,University,33.2016379825307,-87.5273041442878,16
2022-05-13T00:00:00Z,352500,"1015 14th Ave APT 5, Tuscaloosa, AL 35401",2,2,950,Condominium,1986,University,33.2062730951892,-87.5546827001094,36
2022-05-12T00:00:00Z,165000,"1901 5th Ave E UNIT 2105, Tuscaloosa, AL 35401",2,2,1044,Condominium,2007,Forest Lake,33.1936205097224,-87.5297706154522,15
2022-05-12T00:00:00Z,242200,"900 Red Drew Ave UNIT 16, Tuscaloosa, AL 35401",1,1,616,Condominium,2001,University,33.2077419059145,-87.5548592019589,21
2022-05-12T00:00:00Z,250000,"600 13th St E APT 913, Tuscaloosa, AL 35401",3,3,1410,Townhouse,2006,University,33.2017748330753,-87.5270615136025,16
2022-05-10T00:00:00Z,436000,"612 Red Drew Ave UNIT 3, Tuscaloosa, AL 35401",2,2,1071,Condominium,2001,University,33.2093027949603,-87.5548366712737,21
2022-05-09T00:00:00Z,264900,"700 15th St UNIT 1204, Tuscaloosa, AL 35401",2,2,1122,Condominium,2010,University,33.1998234866244,-87.5474602038087,12
2022-05-09T00:00:00Z,164900,"120 15th St E APT 909, Tuscaloosa, AL 35401",2,2,1040,Condominium,1991,University,33.200996148546,-87.5350275424382,31
2022-05-06T00:00:00Z,84000,"901 Hargrove Rd APT 26C, Tuscaloosa, AL 35401",2,1,546,Condominium,1950,35401,33.1926850027273,-87.5500153307948,72
2022-05-06T00:00:00Z,85000,"901 Hargrove Rd APT 7F, Tuscaloosa, AL 35401",2,1,548,Condominium,1950,35401,33.1926221549063,-87.5499938731235,72
2022-05-05T00:00:00Z,285000,"700 15th St UNIT 2310, Tuscaloosa, AL 35401",3,2,1407,Condominium,2009,University,33.2005153977029,-87.5469650307948,13
2022-05-05T00:00:00Z,330000,"708 11th St APT 121, Tuscaloosa, AL 35401",2,1,900,Condominium,1985,University,33.2052199974573,-87.546766788466,37
2022-05-04T00:00:00Z,125000,"120 15th St E APT 221, Tuscaloosa, AL 35401",1,1,708,Condominium,1991,University,33.199698021575,-87.535255174973,31
2022-05-03T00:00:00Z,226000,"600 13th St E APT 741, Tuscaloosa, AL 35401",3,2,1250,Condominium,2006,University,33.2014814828839,-87.5273005173017,16
2022-04-29T00:00:00Z,196500,"13 Brook Meadows Cir, Tuscaloosa, AL 35401",4,3,1920,Townhouse,1999,35401,33.1872562631585,-87.5309952154523,23
2022-04-29T00:00:00Z,175000,"1901 5th Ave E UNIT 3108, Tuscaloosa, AL 35401",2,2,1112,Condominium,2007,Forest Lake,33.1936686223328,-87.5294315866166,15
2022-04-29T00:00:00Z,157000,"1901 5th Ave E UNIT 2206, Tuscaloosa, AL 35401",2,2,1112,Condominium,2007,Forest Lake,33.1936701659809,-87.5297043884662,15
2022-04-29T00:00:00Z,407500,"2140 12th St, Tuscaloosa, AL 35401",3,3,1584,Townhouse,2017,South 22nd,33.2043605680751,-87.562845888466,5
2022-04-29T00:00:00Z,110000,"120 15th St E APT 322, Tuscaloosa, AL 35401",1,1,708,Condominium,1991,University,33.1997410092572,-87.5350966307947,31
2022-04-29T00:00:00Z,183000,"600 13th St E APT 422, Tuscaloosa, AL 35401",2,2,875,Condominium,2006,University,33.2016112505092,-87.5273480289451,16
2022-04-29T00:00:00Z,176000,"1901 5th Ave E UNIT 2223, Tuscaloosa, AL 35401",2,2,1114,Condominium,2007,University,33.1934976881262,-87.5296507442879,15
2022-04-29T00:00:00Z,215000,"600 13th St E APT 742, Tuscaloosa, AL 35401",3,3,1250,Condominium,2006,University,33.201462905549,-87.5272146866164,16
2022-04-29T00:00:00Z,589900,"1650 Jack Warner Pkwy UNIT 2106, Tuscaloosa, AL 35401",3,2,1421,Condominium,2012,University,33.2179479484791,-87.5586926731231,10
2022-04-29T00:00:00Z,649900,"1150 8th St #403, Tuscaloosa, AL 35401",1,2,1183,Condominium,2020,University,33.2097351581523,-87.5523566307945,2
2022-04-28T00:00:00Z,170000,"1901 5th Ave E UNIT 1106, Tuscaloosa, AL 35401",2,2,1112,Condominium,2007,Forest Lake,33.1937508693474,-87.5299243173018,15
2022-04-28T00:00:00Z,368000,"1510 9th St UNIT 215, Tuscaloosa, AL 35401",2,2,1025,Condominium,2009,University,33.2081392979437,-87.5574172307946,13
2022-04-25T00:00:00Z,250000,"502 16th St APT 1, Tuscaloosa, AL 35401",3,3,1480,Townhouse,2009,University,33.1979325576769,-87.5419338154522,13
2022-04-25T00:00:00Z,260000,"502 16th St APT 2, Tuscaloosa, AL 35401",3,3,1480,Townhouse,2009,University,33.1979940239544,-87.5418992019591,13
2022-04-22T00:00:00Z,220000,"900 Red Drew Ave UNIT 12, Tuscaloosa, AL 35401",1,1,504,Condominium,2001,University,33.2076845456277,-87.554828115452,21
2022-04-20T00:00:00Z,210000,"600 13th St E APT 536, Tuscaloosa, AL 35401",3,3,1250,Condominium,2006,University,33.2015180149203,-87.5273300154521,16
2022-04-19T00:00:00Z,259900,"700 15th St UNIT 2307, Tuscaloosa, AL 35401",2,2,1127,Condominium,2009,University,33.2006071397882,-87.5470615903156,13
2022-04-18T00:00:00Z,1075000,"2419 14th St, Tuscaloosa, AL 35401",4,1,1140,Apartment,2000,Greensboro/Bryant,33.2007669972645,-87.5656639731234,22
2022-04-15T00:00:00Z,178900,"120 15th St E APT 517, Tuscaloosa, AL 35401",2,2,1040,Condominium,1991,University,33.2009842840056,-87.5354324596304,31
2022-04-15T00:00:00Z,1200000,"1501 UniversityBlvd #302, Tuscaloosa, AL 35401",4,4,2449,Condominium,2020,University,33.2114466894627,-87.5572975596302,2
2022-04-14T00:00:00Z,190000,"600 13th St E APT 712, Tuscaloosa, AL 35401",3,3,1175,Townhouse,2006,University,33.2016449825148,-87.5272791596303,16
2022-04-14T00:00:00Z,217900,"900 Red Drew Ave UNIT 13, Tuscaloosa, AL 35401",1,1,616,Condominium,2001,University,33.2077473826377,-87.5547956289451,21
2022-04-13T00:00:00Z,167500,"120 15th St E APT 522, Tuscaloosa, AL 35401",2,2,1040,Condominium,1991,University,33.2009541389342,-87.5353573577808,31
2022-04-13T00:00:00Z,360000,"1018 Hackberry Ln UNIT 110, Tuscaloosa, AL 35401",1,1,1071,Condominium,2008,University,33.2051654975747,-87.5435856577807,14
2022-04-12T00:00:00Z,285000,"700 15th St UNIT 2202, Tuscaloosa, AL 35401",3,2,1407,Condominium,2009,University,33.2006282073466,-87.5470281596304,13
2022-04-11T00:00:00Z,248500,"700 15th St UNIT 2107, Tuscaloosa, AL 35401",2,2,1015,Condominium,2009,University,33.2005711300023,-87.5470267154521,13
2022-04-08T00:00:00Z,185000,"1901 5th Avenue E. Unit 3205 Tuscaloosa, AL 35401",3,3,1336,Condominium,2007,Forest Lake,33.1936888440186,-87.5294528442753,15
2022-04-08T00:00:00Z,309900,"801 16th Ave UNIT 2D, Tuscaloosa, AL 35401",2,2,830,Condominium,2007,University,33.2085696901448,-87.5581157172885,15
2022-04-08T00:00:00Z,649900,"1150 8th St #303, Tuscaloosa, AL 35401",1,2,1183,Condominium,2020,University,33.2098338995941,-87.5523995461241,2
2022-04-06T00:00:00Z,450000,"907 15th Ave APT 2, Tuscaloosa, AL 35401",1,1,460,Condominium,1972,University,33.2075174832473,-87.5568732461242,50
2022-04-06T00:00:00Z,450000,"907 15th Ave APT 8, Tuscaloosa, AL 35401",1,1,460,Condominium,1972,University,33.2074636228142,-87.5568839749598,50
2022-04-05T00:00:00Z,159000,"1901 5th Ave E UNIT 1107, Tuscaloosa, AL 35401",2,2,1044,Condominium,2007,Forest Lake,33.1936784222139,-87.5298384866041,15
2022-04-04T00:00:00Z,168900,"907 15th Ave APT 6, Tuscaloosa, AL 35401",1,1,462,Condominium,1972,University,33.2073922926808,-87.5568776307818,50
2022-04-04T00:00:00Z,159900,"600 13th St E APT 314, Tuscaloosa, AL 35401",2,2,875,Condominium,2006,University,33.2016826917583,-87.5274549731108,16
2022-04-04T00:00:00Z,245000,"700 15th St UNIT 2306, Tuscaloosa, AL 35401",2,2,950,Condominium,2009,University,33.2006167396668,-87.5469650307819,13
2022-04-01T00:00:00Z,267500,"1155 12th St UNIT 505, Tuscaloosa, AL 35401",1,1,830,Condominium,2007,University,33.2038377088752,-87.5527399577683,15
2022-04-01T00:00:00Z,132000,"210 15th St E APT 56, Tuscaloosa, AL 35401",2,2,995,Condominium,1985,University,33.1990630763699,-87.5339203884532,37
2022-04-01T00:00:00Z,261000,"700 15th St UNIT 3309, Tuscaloosa, AL 35401",2,2,1194,Condominium,2009,University,33.1998077090156,-87.5466959172888,13
2022-04-01T00:00:00Z,305000,"700 15th St UNIT 1110, Tuscaloosa, AL 35401",3,3,1367,Condominium,2010,University,33.1998167518344,-87.547400830782,12
2022-04-01T00:00:00Z,218000,"600 13th St E APT 843, Tuscaloosa, AL 35401",3,3,1175,Condominium,2006,University,33.2014981922502,-87.5271516577684,16
2022-04-01T00:00:00Z,1539900,"1150 8th St #517, Tuscaloosa, AL 35401",3,4,2026,Condominium,2020,University,33.2097800405864,-87.5523351731106,2
2022-03-31T00:00:00Z,235000,"700 15th St UNIT 3105, Tuscaloosa, AL 35401",2,2,1037,Condominium,2009,University,33.1998758516646,-87.5466741712617,13
2022-03-31T00:00:00Z,315000,"1217 Convent St #2, Tuscaloosa, AL 35401",2,2,529,Townhouse,1978,University,33.2037316377198,-87.5557978884531,44
2022-03-31T00:00:00Z,909900,"1150 8th St #509, Tuscaloosa, AL 35401",2,2,1183,Condominium,2020,University,33.2097800405864,-87.5523673596173,2
2022-03-30T00:00:00Z,247500,"700 15th St. Unit 2105 Tuscaloosa, AL 35401",2,2,1122,Condominium,2009,University,33.2005986847777,-87.5469945289328,13
2022-03-30T00:00:00Z,240000,"600 13th St E APT 216, Tuscaloosa, AL 35401",3,3,1450,Townhouse,2006,University,33.2016617823792,-87.5275328596176,16
2022-03-25T00:00:00Z,649900,"1150 8th St #311, Tuscaloosa, AL 35401",1,2,1183,Condominium,2020,University,33.2098338995941,-87.5523888172885,2
2022-03-25T00:00:00Z,850000,"1150 8th St #310, Tuscaloosa, AL 35401",2,2,1183,Condominium,2020,University,33.2097800405864,-87.5523351731106,2
2022-03-24T00:00:00Z,153000,"1901 5th Ave E UNIT 3124, Tuscaloosa, AL 35401",2,2,1044,Condominium,2007,Forest Lake,33.193577869746,-87.5295245866042,15
2022-03-24T00:00:00Z,251250,"700 15th St UNIT 2205, Tuscaloosa, AL 35401",2,2,1122,Condominium,2009,University,33.2006712268453,-87.5469315000972,13
2022-03-22T00:00:00Z,110000,"1901 5th Ave E UNIT 1210, Tuscaloosa, AL 35401",1,1,733,Condominium,2007,Forest Lake,33.1936586004335,-87.5297861866041,15
2022-03-17T00:00:00Z,160000,"600 13th St E APT 343, Tuscaloosa, AL 35401",2,1,950,Condominium,2006,University,33.2015647694437,-87.5274347154396,16
2022-03-17T00:00:00Z,215000,"600 13th St E APT 531, Tuscaloosa, AL 35401",3,3,1175,Condominium,2006,University,33.2015750920452,-87.5273515731107,16
2022-03-14T00:00:00Z,253000,"700 15th St UNIT 3401, Tuscaloosa, AL 35401",2,2,1015,Condominium,2009,University,33.199871441501,-87.5467069461243,13
2022-03-14T00:00:00Z,187500,"600 13th St E APT 821, Tuscaloosa, AL 35401",3,3,1175,Condominium,2006,University,33.2016777785772,-87.5271195712616,16
2022-03-14T00:00:00Z,610000,"511 11th St APT 304, Tuscaloosa, AL 35401",3,3,1453,Condominium,2017,University,33.2047491835818,-87.5431492731107,5
2022-03-11T00:00:00Z,90000,"901 Hargrove Rd APT 18D, Tuscaloosa, AL 35401",2,2,739,Condominium,1950,35401,33.1927119373961,-87.5500046019465,72
2022-03-11T00:00:00Z,174250,"1901 5th Ave E UNIT 2218, Tuscaloosa, AL, 35401",3,3,1336,Condominium,2007,Forest Lake,33.1936176132596,-87.5296400154398,15
2022-03-11T00:00:00Z,115000,"1901 5th Ave E UNIT 1112, Tuscaloosa, AL 35401",1,1,804,Condominium,2007,Forest Lake,33.1936303223174,-87.5299457749601,15
2022-03-11T00:00:00Z,115000,"120 15th St E APT 911, Tuscaloosa, AL 35401",1,1,708,Condominium,1996,University,33.2009594936863,-87.5351206019464,26
2022-03-11T00:00:00Z,629650,"511 11th St UNIT 204, Tuscaloosa, AL 35401",3,3,1453,Condominium,2017,University,33.2047132754944,-87.5431921884531,5
2022-03-10T00:00:00Z,130000,"210 15th St E APT 31, Tuscaloosa, AL 35401",2,2,995,Condominium,1985,University,33.1991117881321,-87.5338038019464,37
2022-03-10T00:00:00Z,170000,"120 15th St E APT 923, Tuscaloosa, AL 35401",2,2,1040,Condominium,1991,University,33.2009888033337,-87.535130130782,31
2022-03-09T00:00:00Z,115000,"1901 5th Ave Building 1, 1112, Tuscaloosa, AL 35401",1,1,804,Condominium,2007,University,33.1931197492996,-87.529580828933,15
2022-03-08T00:00:00Z,259400,"700 15th St UNIT 1108, Tuscaloosa, AL 35401",2,2,1122,Condominium,2009,University,33.1998359517793,-87.5473564154396,13
2022-03-08T00:00:00Z,205000,"600 13th St E APT 546, Tuscaloosa, AL 35401",3,3,1250,Condominium,2009,University,33.2015002017604,-87.5274339596175,13
2022-03-07T00:00:00Z,167500,"120 15th St E APT 420, Tuscaloosa, AL 35401",2,1,1040,Condominium,1991,University,33.201065490236,-87.5355582019463,31
2022-03-07T00:00:00Z,285000,"700 15th St UNIT 2110, Tuscaloosa, AL 35401",3,3,1407,Condominium,2009,University,33.2006680141924,-87.5469516135905,13
2022-03-04T00:00:00Z,156900,"600 13th St E APT 413, Tuscaloosa, AL 35401",2,2,875,Condominium,2006,University,33.2017251557856,-87.527371686604,16
2022-03-02T00:00:00Z,145000,"1901 5th Ave E UNIT 3119, Tuscaloosa, AL 35401",2,2,1114,Condominium,2007,Forest Lake,33.1936259696079,-87.5295676019465,15
2022-03-02T00:00:00Z,184900,"1901 5th Ave E UNIT 2202, Tuscaloosa, AL 35401",3,3,1336,Condominium,2007,Forest Lake,33.1938074254242,-87.5296614731109,15
2022-03-01T00:00:00Z,260000,"700 15th St. UNIT 2103, Tuscaloosa, AL 35401",2,3,1367,Condominium,2009,University,33.2006000298452,-87.5470697307819,13
2022-02-28T00:00:00Z,226000,"619 15th Ave APT D, Tuscaloosa, AL 35401",2,1,768,Condominium,1974,University,33.2099804226483,-87.5568123614665,48
2022-02-28T00:00:00Z,242400,"700 15th  St. UNIT 2409, Tuscaloosa, AL 35401",2,2,1122,Condominium,2009,University,33.2005968171842,-87.5468376289328,13
2022-02-25T00:00:00Z,170000,"120 15th St E APT 501, Tuscaloosa, AL 35401",2,2,1040,Condominium,1991,University,33.2010420934663,-87.5356673614667,31
2022-02-25T00:00:00Z,162000,"120 15th St E APT 302, Tuscaloosa, AL 35401",2,2,1040,Condominium,1991,University,33.1999078088001,-87.5351681884532,31
2022-02-21T00:00:00Z,167500,"120 15th St E APT 611, Tuscaloosa, AL 35401",2,2,1040,Condominium,1991,University,33.200940916302,-87.5352704577684,31
2022-02-18T00:00:00Z,246000,"700 15th St UNIT 2209, Tuscaloosa, AL 35401",2,2,1034,Condominium,2009,University,33.2005968171842,-87.546963686604,13
2022-02-18T00:00:00Z,285000,"700 15th St UNIT 2210, Tuscaloosa, AL 35401",3,3,1407,Condominium,2009,University,33.2006051721004,-87.5469207712617,13
2022-02-17T00:00:00Z,182500,"600 13th St E APT 612, Tuscaloosa, AL 35401",3,3,1175,Condominium,2006,University,33.2015917183699,-87.5273371307819,16
2022-02-17T00:00:00Z,239900,"600 13th St E APT 111, Tuscaloosa, AL 35401",3,3,1450,Townhouse,2006,University,33.2017510783441,-87.5276172307819,16
2022-02-17T00:00:00Z,415000,"1403 University Blvd UNIT 10, Tuscaloosa, AL 35401",2,2,1045,Condominium,2010,University,33.2110414848205,-87.5552574712614,12
2022-02-16T00:00:00Z,173500,"1901 5th Ave E UNIT 1202, Tuscaloosa, AL 35401",3,3,1336,Condominium,2007,Forest Lake,33.1930838364428,-87.5296559307821,15
2022-02-16T00:00:00Z,185000,"1901 5th Ave E UNIT 2308, Tuscaloosa, AL 35401",3,3,1336,Condominium,2007,Forest Lake,33.1936063787344,-87.5295879154398,15
2022-02-15T00:00:00Z,190000,"708 11th St APT 111, Tuscaloosa, AL 35401",1,1,608,Condominium,1985,University,33.2053104201835,-87.5460841596175,37
2022-02-14T00:00:00Z,137000,"210 15th St E Apt 26, Tuscaloosa, AL 35401",2,2,995,Condominium,1985,University,33.1990781210775,-87.5339056596176,37
2022-02-14T00:00:00Z,237500,"600 13th St E APT 114, Tuscaloosa, AL 35401",3,3,1450,Condominium,2006,University,33.2016795464858,-87.5276787903023,16
2022-02-11T00:00:00Z,182000,"1901 5th Ave E UNIT 1102, Tuscaloosa, AL 35401",3,3,1336,Condominium,2007,Forest Lake,33.1937137003091,-87.5298901442753,15
2022-02-11T00:00:00Z,156000,"120 15th St E APT 324, Tuscaloosa, AL 35401",2,2,1040,Condominium,1991,University,33.1997320316255,-87.5349994712616,31
2022-02-11T00:00:00Z,287000,"700 15th St UNIT 2411, Tuscaloosa, AL 35401",2,3,1478,Condominium,2009,University,33.200613527017,-87.5468054424261,13
2022-02-10T00:00:00Z,168000,"120 15th St E APT 223, Tuscaloosa, AL 35401",2,2,1040,Condominium,1991,University,33.1997518866882,-87.5351902019464,31
2022-02-09T00:00:00Z,149900,"1901 5th Ave E UNIT 3221, Tuscaloosa, AL 35401",2,2,1040,Condominium,2007,Forest Lake,33.1935707570061,-87.5296118614668,15
2022-02-08T00:00:00Z,153500,"1901 5th Ave E UNIT 3118, Tuscaloosa, AL 35401",2,2,1112,Condominium,2007,Forest Lake,33.1936445477394,-87.52963197496,15
2022-02-07T00:00:00Z,1005000,"1501 University Blvd. #303, Tuscaloosa, AL 35401",4,4,1851,Condominium,2020,University,33.2114646420291,-87.557383390302,2
2022-02-04T00:00:00Z,325000,"1015 14th Ave APT 6, Tuscaloosa, AL 35401",2,2,950,Condominium,1986,University,33.2063567868186,-87.5548277037954,36
2022-02-02T00:00:00Z,375000,"820 Frank Thomas Ave UNIT 111, Tuscaloosa, AL 35401",2,1,863,Condominium,2009,University,33.2076406223785,-87.553759832631,13
2022-01-28T00:00:00Z,185000,"708 11th St APT 110, Tuscaloosa, AL 35401",3,3,1175,Condominium,2006,University,33.205346951044,-87.5460090577683,16
2022-01-28T00:00:00Z,192500,"708 11th St APT 110, Tuscaloosa, AL 35401",1,1,608,Condominium,1985,University,33.205346951044,-87.5460948884531,37
2022-01-27T00:00:00Z,148000,"1901 5th Ave E UNIT 3226, Tuscaloosa, AL 35401",2,2,1114,Condominium,2007,Forest Lake,33.1934957226074,-87.5295473884533,15
2022-01-27T00:00:00Z,148000,"1901 5th Ave E UNIT 3226, Tuscaloosa, AL 35401",2,2,1114,Condominium,2007,Forest Lake,33.1934687880818,-87.5295688461245,15
2022-01-27T00:00:00Z,184900,"600 13th St E APT 811, Tuscaloosa, AL 3540",3,3,1175,Condominium,2006,University,33.2016025409951,-87.5271993019464,16
2022-01-27T00:00:00Z,184900,"600 13th St E APT 811, Tuscaloosa, AL 35401",3,3,1175,Condominium,2006,University,33.2016923143756,-87.5271885731107,16
2022-01-27T00:00:00Z,372500,"1020 Oak Ave #3, Tuscaloosa, AL 35401",2,3,1422,Townhouse,2008,University,33.2060973030819,-87.5557599731107,14
2022-01-27T00:00:00Z,372500,"1020 Oak Ave #3, Tuscaloosa, AL 35401",2,3,1422,Townhouse,2008,University,33.2061152568435,-87.5557599731107,14
2021-12-31T00:00:00Z,182900,"708 11th St APT 203, Tuscaloosa, AL 35401",1,1,608,Condominium,1985,University,33.2052976051322,-87.546094788453,36
2021-12-30T00:00:00Z,144900,"1901 5th Ave E UNIT 1103, Tuscaloosa, AL 35401",2,2,1044,Condominium,2007,Forest Lake,33.193770469193,-87.5299028731109,14
2021-12-30T00:00:00Z,105900,"120 15th St E APT 804, Tuscaloosa, AL 35401",1,1,708,Condominium,1996,University,33.2009542162678,-87.5352431461243,25
2021-12-30T00:00:00Z,105000,"120 15th St E APT 205, Tuscaloosa, AL 35401",1,1,708,Condominium,1991,University,33.1999237964477,-87.535251330782,30
2021-12-30T00:00:00Z,150000,"600 13th St E APT 416, Tuscaloosa, AL 35401",2,2,875,Condominium,2006,University,33.201710001115,-87.5274884037955,15
2021-12-30T00:00:00Z,357500,"1018 Hackberry Ln UNIT 104, Tuscaloosa, AL 35401",1,1,1071,Condominium,2008,University,33.2051904594042,-87.5436594154395,13
2021-12-29T00:00:00Z,89900,"901 Hargrove Rd APT 11C, Tuscaloosa, AL 35401",2,2,739,Condominium,1950,35401,33.1927119373961,-87.5500582461245,71
2021-12-29T00:00:00Z,186000,"1901 5th Ave E UNIT 3312, Tuscaloosa, AL 35401",3,3,1336,Condominium,2007,Forest Lake,33.19366633495,-87.5294737307821,14
2021-12-28T00:00:00Z,175000,"1901 5th Ave E UNIT 3112, Tuscaloosa, AL 35401",3,3,1336,Condominium,2007,Forest Lake,33.1936241350581,-87.5295785307821,14
2021-12-28T00:00:00Z,129900,"210 15th St E APT 61, Tuscaloosa, AL 35401",2,2,995,Condominium,1985,University,33.1991262000271,-87.5337795596176,36
2021-12-28T00:00:00Z,189000,"600 13th St E APT 522, Tuscaloosa, AL 35401",3,3,1239,Condominium,2006,University,33.2017070237651,-87.5273917884531,15
2021-12-28T00:00:00Z,184250,"600 13th St E APT 642, Tuscaloosa, AL 35401",3,3,1175,Condominium,2006,University,33.2015295826776,-87.5273313596175,15
2021-12-23T00:00:00Z,295000,"2150 3rd Ct APT 103, Tuscaloosa, AL 35401",3,3,1700,Condominium,2015,Forest Lake,33.1918828611594,-87.5403640154398,6
2021-12-22T00:00:00Z,294405,"700 15th St UNIT 2101, Tuscaloosa, AL 35401",3,3,1388,Condominium,2009,University,33.200691049324,-87.5471019172887,12
2021-12-21T00:00:00Z,374500,"820 Frank Thomas Ave UNIT 211, Tuscaloosa, AL 35401",2,2,863,Condominium,2009,University,33.207677252518,-87.5535907596174,12
2021-12-21T00:00:00Z,769900,"1150 8th St #510, Tuscaloosa, AL 35401",2,2,1183,Condominium,2020,University,33.2098069700944,-87.5523673596173,1
2021-12-20T00:00:00Z,87500,"901 Hargrove Rd APT 18B, Tuscaloosa, AL 35401",2,2,750,Condominium,1950,35401,33.1927298939025,-87.5500475172889,71
2021-12-17T00:00:00Z,450000,"1510 9th St UNIT 101, Tuscaloosa, AL 35401",3,4,1660,Condominium,2009,University,33.2081212444996,-87.557700288453,12
2021-12-15T00:00:00Z,153000,"600 13th St E APT 331, Tuscaloosa, AL 35401",2,2,875,Condominium,2006,University,33.2016832691155,-87.5274277731108,15
2021-12-13T00:00:00Z,185500,"600 13th St E APT 545, Tuscaloosa, AL 35401",3,3,1250,Condominium,2006,University,33.2014439376309,-87.5274332596175,15
2021-12-13T00:00:00Z,153000,"600 13th St E, Tuscaloosa, AL 35401",3,3,1175,Apartment,2006,University,33.2017817688428,-87.5278480731107,15
2021-12-10T00:00:00Z,305000,"700 15th St UNIT 2203, Tuscaloosa, AL 35401",3,3,1478,Condominium,2009,University,33.2006634944756,-87.5470281596176,12
2021-12-10T00:00:00Z,470000,"511 11th St APT 208, Tuscaloosa, AL 35401",2,2,1118,Condominium,2017,University,33.2047491835818,-87.5431385442751,4
2021-12-08T00:00:00Z,169900,"1901 5th Ave E UNIT 3323, Tuscaloosa, AL 35401",3,3,1336,Condominium,2007,Forest Lake,33.1936259696078,-87.5294737307821,14
2021-12-06T00:00:00Z,168000,"1901 5th Ave E UNIT 2319, Tuscaloosa, AL 35401",3,3,1336,Condominium,2007,Forest Lake,33.1936439259269,-87.5295769866041,14
2021-12-03T00:00:00Z,169000,"1901 5th Ave E UNIT 1320, Tuscaloosa, AL 35401",3,3,1336,Condominium,2007,Forest Lake,33.1936162696357,-87.5297982596177,14
2021-12-03T00:00:00Z,154900,"1901 5th Ave E UNIT 1319, Tuscaloosa, AL 35401",2,2,1276,Condominium,2007,Forest Lake,33.1935360879574,-87.5298089884533,14
2021-12-01T00:00:00Z,185000,"600 13th St E APT 621, Tuscaloosa, AL 35401",3,3,1250,Condominium,2006,University,33.2016693144347,-87.5273085731107,15
2021-11-30T00:00:00Z,265000,"708 11th St APT 307, Tuscaloosa, AL 35401",2,1,811,Condominium,1985,University,33.2053424899396,-87.5459472731107,36
2021-11-30T00:00:00Z,659900,"1150 8th St #603, Tuscaloosa, AL 35401",1,2,1183,Condominium,2020,University,33.2097979935926,-87.5523888172885,1
2021-11-25T00:00:00Z,137000,"1901 5th Ave E UNIT 2113, Tuscaloosa, AL 35401",2,2,1044,Condominium,2007,Forest Lake,33.193570566077,-87.5297889749601,14
2021-11-24T00:00:00Z,99900,"210 15th St E APT 23, Tuscaloosa, AL 35401",1,1,693,Condominium,1985,University,33.1992127431221,-87.533913430782,36
2021-11-23T00:00:00Z,103000,"1901 5th Ave E UNIT 2321, Tuscaloosa, AL 35401",1,1,733,Condominium,2007,Forest Lake,33.1935797351718,-87.529609173111,14
2021-11-23T00:00:00Z,475000,"1403 UniversityBlvd UNIT 4, Tuscaloosa, AL 35401",2,2,1105,Condominium,2010,University,33.2110779139169,-87.5553956019462,11
2021-11-22T00:00:00Z,144500,"1901 5th Ave E UNIT 3319, Tuscaloosa, AL 35401",2,2,1114,Condominium,2007,Forest Lake,33.1935926442158,-87.5294093577686,14
2021-11-22T00:00:00Z,670000,"1018 Hackberry Ln UNIT 113, Tuscaloosa, AL 35401",3,3,1439,Condominium,2008,University,33.2052173903243,-87.5436393019463,13
2021-11-19T00:00:00Z,170000,"1901 5th Ave E UNIT 3322, Tuscaloosa, AL 35401",3,3,1336,Condominium,2007,Forest Lake,33.1935996569351,-87.5294844596177,14
2021-11-18T00:00:00Z,142300,"1901 5th Ave E UNIT 2205, Tuscaloosa, AL 35401",2,2,1044,Condominium,2007,Forest Lake,33.1936707877088,-87.5297151172889,14
2021-11-18T00:00:00Z,769900,"1150 8th St #410, Tuscaloosa, AL 35401",2,2,1183,Condominium,2020,University,33.2097620875764,-87.552324444275,1
2021-11-16T00:00:00Z,81500,"901 Hargrove Rd APT 9A, Tuscaloosa, AL 35401",2,1,548,Condominium,1950,35401,33.1927029591415,-87.5500260596177,71
2021-11-15T00:00:00Z,317500,"917 Homewood Dr UNIT 1, Tuscaloosa, AL 35401",3,3,1480,Townhouse,2008,University,33.2016496465716,-87.5493163731108,13
2021-11-15T00:00:00Z,209000,"704 13th St APT 4, Tuscaloosa, AL 35401",1,1,620,Condominium,2008,University,33.2028765885749,-87.5461629596175,13
2021-11-15T00:00:00Z,2e+05,"704 13th St APT 2, Tuscaloosa, AL 35401",1,1,620,Condominium,2008,University,33.2029739655416,-87.5462009461243,13
2021-11-12T00:00:00Z,740000,"1018 Hackberry Ln UNIT 301, Tuscaloosa, AL 35401",3,3,1439,Condominium,2008,University,33.2052470132371,-87.5434931307818,13
2021-11-12T00:00:00Z,480000,"511 11th St APT 308, Tuscaloosa, AL 35401",2,2,1118,Condominium,2017,University,33.2047402065613,-87.5431600019463,4
2021-11-10T00:00:00Z,247500,"700 15th St UNIT 1104, Tuscaloosa, AL 35401",2,2,1034,Condominium,2010,University,33.1998466966533,-87.5473862019464,11
2021-11-05T00:00:00Z,135000,"1745 Jack Warner Pkwy APT C33, Tuscaloosa, AL 35401",2,2,973,Condominium,1968,University,33.2161040050603,-87.5593158731104,53
2021-11-05T00:00:00Z,184900,"708 11th St APT 325, Tuscaloosa, AL 35401",1,1,608,Condominium,1985,University,33.205307767037,-87.5466932749598,36
2021-11-05T00:00:00Z,147500,"120 15th St E APT 118, Tuscaloosa, AL 35401",2,2,1040,Condominium,1991,University,33.1996145421334,-87.5350284596176,30
2021-11-05T00:00:00Z,147500,"120 15th St E APT 202, Tuscaloosa, AL 35401",2,2,1040,Condominium,1991,University,33.1999616738821,-87.5352298731108,30
2021-11-05T00:00:00Z,174900,"708 11th St APT 318, Tuscaloosa, AL 35401",1,1,608,Condominium,1985,University,33.205330936001,-87.5466085442751,36
2021-11-05T00:00:00Z,169900,"708 11th St APT 211, Tuscaloosa, AL 35401",1,1,608,Condominium,1985,University,33.2053431129513,-87.5460746749598,36
2021-11-05T00:00:00Z,310000,"700 15th St UNIT 2211, Tuscaloosa, AL 35401",3,3,1446,Condominium,2009,University,33.2006322044307,-87.5470272596176,12
2021-11-03T00:00:00Z,215000,"721 20th Ave #102, Tuscaloosa, AL 35401",1,1,750,Condominium,1940,Queen City,33.2090877720123,-87.5617539596173,81
2021-11-03T00:00:00Z,105000,"210 15th St E APT 4, Tuscaloosa, AL 35401",1,1,693,Condominium,1985,University,33.1991309880889,-87.5338775596176,36
2021-11-03T00:00:00Z,589900,"1650 Jack Warner Pkwy UNIT 2206, Tuscaloosa, AL 35401",3,2,1421,Condominium,2012,University,33.2179562997395,-87.558651001946,9
2021-11-02T00:00:00Z,1559900,"1150 8th St #617, Tuscaloosa, AL 35401",3,4,2026,Condominium,2020,University,33.2098249230952,-87.5523351731106,1
2021-10-29T00:00:00Z,168000,"1901 5th Ave E UNIT 3209, Tuscaloosa, AL 35401",3,3,1336,Condominium,2007,Forest Lake,33.1936861567223,-87.5295174172889,14
2021-10-29T00:00:00Z,195000,"2209 9th St APT 701, Tuscaloosa, AL 35401",2,2,1304,Condominium,1954,Greensboro/Bryant,33.2063125331821,-87.5646096019463,67
2021-10-29T00:00:00Z,105000,"120 15th St E APT 905, Tuscaloosa, AL 35401",1,1,708,Condominium,1996,University,33.2009915484613,-87.5351070731108,25
2021-10-29T00:00:00Z,225400,"700 15th St UNIT 2304, Tuscaloosa, AL 35401",2,2,988,Condominium,2009,University,33.2006269621773,-87.546965030782,12
2021-10-29T00:00:00Z,174000,"708 11th St APT 323, Tuscaloosa, AL 35401",1,1,642,Condominium,1985,University,33.2053007901652,-87.5466728170185,36
2021-10-29T00:00:00Z,182000,"600 13th St E APT 832, Tuscaloosa, AL 35401",3,3,1250,Condominium,2006,University,33.2016103788888,-87.5272696746907,15
2021-10-28T00:00:00Z,102000,"120 15th St E APT 803, Tuscaloosa, AL 35401",1,1,708,Condominium,1996,University,33.2009634937732,-87.5351554151661,25
2021-10-26T00:00:00Z,162000,"1901 5th Ave E UNIT 1219, Tuscaloosa, AL 35401",2,2,1276,Condominium,2007,Forest Lake,33.1935720007261,-87.5297861863302,14
2021-10-22T00:00:00Z,649900,"1150 8th St #407, Tuscaloosa, AL 35401",1,2,1183,Condominium,2020,University,33.2097979936901,-87.5523566305102,1
2021-10-20T00:00:00Z,106000,"120 15th St E APT 303, Tuscaloosa, AL 35401",1,1,708,Condominium,1991,University,33.1999071864351,-87.535082357494,30
2021-10-18T00:00:00Z,142000,"1901 5th Ave E UNIT 1201, Tuscaloosa, AL 35401",2,2,1044,Condominium,2007,University,33.1936855441229,-87.5298401016744,14
2021-10-18T00:00:00Z,149000,"120 15th St E APT 908, Tuscaloosa, AL 35401",2,2,1040,Condominium,1991,University,33.2009412841022,-87.5351122728382,30
2021-10-15T00:00:00Z,652736,"1008 Elmwood Dr #20, Tuscaloosa, AL 35401",5,5,2100,Condominium,2020,University,33.2022488584491,-87.5513712016743,1
2021-10-15T00:00:00Z,652736,"1008 Elmwood Dr #10, Tuscaloosa, AL 35401",5,5,2100,Condominium,2020,University,33.2022398811722,-87.55132828633,1
2021-10-15T00:00:00Z,815900,"1150 8th St #505, Tuscaloosa, AL 35401",2,2,1183,Condominium,2017,University,33.2097710641793,-87.5523566305102,4
2021-10-14T00:00:00Z,652739,"1411 Paul W Bryant Dr #105, Tuscaloosa, AL 35401",5,5,2400,Condominium,2019,University,33.2066554943652,-87.555856315166,2
2021-10-14T00:00:00Z,522191,"1411 Paul W Bryant Dr #103, Tuscaloosa, AL 35401",4,4,1900,Townhouse,2019,University,33.2067003784761,-87.555856315166,2
2021-10-12T00:00:00Z,799900,"1150 8th St #320, Tuscaloosa, AL 35401",2,3,1308,Condominium,2017,University,33.209735158152,-87.552313715166,4
2021-10-08T00:00:00Z,87500,"901 Hargrove Rd APT 5E, Tuscaloosa, AL 35401",2,2,751,Condominium,1950,35401,33.1926939809834,-87.5500153305105,71
2021-10-08T00:00:00Z,505000,"511 11th St APT 303, Tuscaloosa, AL 35401",2,2,1153,Condominium,2017,University,33.2047132755919,-87.5431385440021,4
2021-10-08T00:00:00Z,320000,"1400 9th Ave Unit 10, Tuscaloosa, AL 35401",3,3,1480,Townhouse,2008,University,33.2016404466952,-87.5492748016743,13
2021-10-06T00:00:00Z,172500,"708 11th St APT 103, Tuscaloosa, AL 35401",1,1,608,Condominium,1985,University,33.2053008203006,-87.5460613574939,36
2021-10-06T00:00:00Z,170000,"704 13th St Unit L2, Tuscaloosa, AL 35401",1,1,620,Condominium,2008,University,33.2029390568212,-87.546170757494,13
2021-10-05T00:00:00Z,180650,"600 13th St E APT 515, Tuscaloosa, AL 35401",3,3,1175,Condominium,2006,University,33.2016711145276,-87.5273609016743,15
2021-10-04T00:00:00Z,163000,"1901 5th Ave E UNIT 2211, Tuscaloosa, AL 35401",3,3,1336,Condominium,2007,Forest Lake,33.1935795443402,-87.5296831305105,14
2021-10-01T00:00:00Z,145000,"1747 Jack Warner Pkwy APT 109-B, Tuscaloosa, AL 35401",2,2,1014,Condominium,1988,University,33.2155841307167,-87.5600502170183,33
2021-10-01T00:00:00Z,629900,"1150 8th ST #604, Tuscaloosa, AL 35401",1,2,1183,Condominium,2020,University,33.2097979936901,-87.5523780881823,1
2021-10-01T00:00:00Z,889900,"1150 8th ST #302, Tuscaloosa, AL 35401",2,3,1561,Condominium,2020,University,33.2097800406838,-87.5523351728381,1
2021-09-30T00:00:00Z,247000,"700 15th St UNIT 1308, Tuscaloosa, AL 35401",2,2,1122,Condominium,2010,University,33.1997596541166,-87.5473389440022,11
2021-09-30T00:00:00Z,235000,"700 15th St UNIT 3307, Tuscaloosa, AL 35401",2,2,1037,Condominium,2009,University,33.1998525967349,-87.5466651305104,12
2021-09-30T00:00:00Z,390000,"1403 UniversityBlvd UNIT 7, Tuscaloosa, AL 35401",2,2,1045,Condominium,2010,University,33.211079261227,-87.5553325728381,11
2021-09-30T00:00:00Z,814900,"1150 8th St UNIT 316, Tuscaloosa, AL 35401",2,3,1394,Condominium,2020,University,33.2097531111675,-87.5522922574938,1
2021-09-27T00:00:00Z,869900,"1150 8th St #415, Tuscaloosa, AL 35401",2,2,1183,Condominium,2020,University,33.2097800406838,-87.5523780881823,1
2021-09-27T00:00:00Z,649900,"1150 8th ST #507, Tuscaloosa, AL 35401",1,2,1183,Condominium,2020,University,33.2097620876739,-87.552313715166,1
2021-09-20T00:00:00Z,167900,"1901 5th Ave E UNIT 1222, Tuscaloosa, AL 35401",3,3,1336,Condominium,2007,Forest Lake,33.1936239042748,-87.5297754574941,14
2021-09-20T00:00:00Z,490000,"1018 Hackberry Ln UNIT 311, Tuscaloosa, AL 35401",2,2,1227,Condominium,2008,University,33.2051649745727,-87.5434515593464,13
2021-09-17T00:00:00Z,90000,"1903 6th Ave UNIT 1, Tuscaloosa, AL 35401",2,3,1290,Condominium,2010,35401,33.1945348547312,-87.5445112151662,11
2021-09-17T00:00:00Z,137500,"1901 5th Ave E UNIT 3321, Tuscaloosa, AL 35401",2,2,1044,Condominium,2007,Forest Lake,33.193609257009,-87.5294737305104,14
2021-09-17T00:00:00Z,142900,"1901 5th Ave E UNIT 3115, Tuscaloosa, AL 35401",2,2,1044,Condominium,2007,Forest Lake,33.1936151569943,-87.5295139574941,14
2021-09-17T00:00:00Z,186000,"600 13th St E APT 725, Tuscaloosa, AL 35401",3,3,1175,Condominium,2006,University,33.2015789279348,-87.5272813728382,15
2021-09-16T00:00:00Z,529900,"511 11th St UNIT 103, Tuscaloosa, AL 35401",2,2,1153,Condominium,2017,University,33.2047132755919,-87.5430848998218,4
2021-09-15T00:00:00Z,187000,"600 13th St E APT 834, Tuscaloosa, AL 35401",3,3,1250,Condominium,2006,University,33.2015642469143,-87.5272911323627,15
2021-09-15T00:00:00Z,779900,"1150 8th St #610, Tuscaloosa, AL 35401",2,2,1183,Condominium,2020,University,33.2097890171874,-87.5523029863299,1
2021-09-10T00:00:00Z,155000,"1747 Jack Warner Pkwy APT 310-B, Tuscaloosa, AL 35401",2,2,1014,Condominium,1988,University,33.215521299333,-87.5599429286577,33
2021-09-10T00:00:00Z,440000,"1510 9th St UNIT 203, Tuscaloosa, AL 35401",3,3,1475,Condominium,2009,University,33.2080661379304,-87.5574467286578,12
2021-09-10T00:00:00Z,625900,"1501 UniversityBlvd #103, Tuscaloosa, AL 35401",2,2,1308,Condominium,2020,University,33.2115005474442,-87.557254644002,1
2021-09-08T00:00:00Z,308750,"700 15th St UNIT 2412, Tuscaloosa, AL 35401",3,3,1446,Condominium,2009,University,33.2005590399064,-87.5468805440022,12
2021-09-06T00:00:00Z,147000,"1901 5th Ave E UNIT 3207, Tuscaloosa, AL 35401",2,2,1044,Condominium,2007,Forest Lake,33.1937053567725,-87.5294423151662,14
2021-09-03T00:00:00Z,85000,"901 Hargrove Rd APT 18C, Tuscaloosa, AL 35401",2,2,739,Condominium,1950,35401,33.1927478505029,-87.5500046016744,71
2021-09-03T00:00:00Z,160000,"120 15th St E APT 207, Tuscaloosa, AL 35401",2,2,1040,Condominium,1991,University,33.1999494841686,-87.5352620593464,30
2021-09-03T00:00:00Z,181000,"600 13th St E APT 714, Tuscaloosa, AL 35401",3,3,1175,Condominium,2006,University,33.2016710918865,-87.52728388633,15
2021-09-03T00:00:00Z,659900,"1150 8th St #607, Tuscaloosa, AL 35401",1,2,1183,Condominium,2020,University,33.2098249231926,-87.5523673593463,1
2021-08-31T00:00:00Z,180000,"600 13th St E APT 613, Tuscaloosa, AL 35401",3,3,1175,Condominium,2006,University,33.2016718918845,-87.5273377305103,15
2021-08-30T00:00:00Z,155000,"120 15th E APT 307, Tuscaloosa, AL 35401",2,2,1040,Condominium,1991,University,33.199868686522,-87.5350930863301,30
2021-08-30T00:00:00Z,3e+05,"700 15th St UNIT 1403, Tuscaloosa, AL 35401",3,3,1407,Condominium,2010,University,33.1998257090744,-87.5473296593464,11
2021-08-30T00:00:00Z,799900,"1150 8th St #318, Tuscaloosa, AL 35401",2,3,1287,Condominium,2020,University,33.2097620876739,-87.5522815286578,1
2021-08-26T00:00:00Z,138000,"210 15th St E APT 50, Tuscaloosa, AL 35401",2,2,995,Condominium,1985,University,33.1991662761817,-87.5338252593464,36
2021-08-26T00:00:00Z,8e+05,"1150 8th St #611, Tuscaloosa, AL 35401",1,2,1183,Condominium,2020,University,33.2097979936901,-87.5522815286578,1
2021-08-23T00:00:00Z,139500,"1901 5th Ave E UNIT 2103, Tuscaloosa, AL 35401",2,2,1044,Condominium,2007,Forest Lake,33.1937438566775,-87.5296923151662,14
2021-08-23T00:00:00Z,527000,"1018 Hackberry Ln UNIT 205, Tuscaloosa, AL 35401",2,2,1227,Condominium,2008,University,33.2051726055502,-87.5436191881824,13
2021-08-20T00:00:00Z,230000,"700 15th St UNIT 3407, Tuscaloosa, AL 35401",2,2,1037,Condominium,2009,University,33.1998375192281,-87.5466129863301,12
2021-08-20T00:00:00Z,2200900,"1150 8th St PENTHOUSE 5, Tuscaloosa, AL 35401",5,6,2973,Condominium,2020,University,33.2097890171874,-87.5523566305102,1
2021-08-19T00:00:00Z,161905,"1747 Jack Warner Pkwy APT 313-B, Tuscaloosa, AL 35401",2,2,1014,Condominium,1988,University,33.2155661788974,-87.559996572838,33
2021-08-17T00:00:00Z,145000,"1901 5th Ave E UNIT 3121, Tuscaloosa, AL 35401",2,2,1044,Condominium,2007,Forest Lake,33.1936246260839,-87.5295783305104,14
2021-08-17T00:00:00Z,815900,"1150 8th St #409, Tuscaloosa, AL 35401",2,2,1183,Condominium,2020,University,33.2097441346602,-87.5522815286578,1
2021-08-16T00:00:00Z,235000,"700 15th St UNIT 1306, Tuscaloosa, AL 35401",2,2,1015,Condominium,2010,University,33.1997969091363,-87.5473390440022,11
2021-08-16T00:00:00Z,165000,"120 15th St E APT 408, Tuscaloosa, AL 35401",2,2,1040,Condominium,1991,University,33.2009374292506,-87.5355357151661,30
2021-08-13T00:00:00Z,175000,"2304 UniversityBlvd #102, Tuscaloosa, AL 35401",1,1,702,Condominium,2009,Downtown,33.210635609357,-87.5673318305102,12
2021-08-13T00:00:00Z,141500,"1901 5th Ave E UNIT 2323, Tuscaloosa, AL 35401",2,2,1114,Condominium,2007,Forest Lake,33.1935515571509,-87.5295662574941,14
2021-08-13T00:00:00Z,214900,"900 Red Drew Ave UNIT 4, Tuscaloosa, AL 35401",1,1,616,Condominium,2001,University,33.2076811386807,-87.5549116440021,20
2021-08-13T00:00:00Z,222900,"700 15th St UNIT 2104, Tuscaloosa, AL 35401",2,2,988,Condominium,2009,University,33.200644294624,-87.5470267151661,12
2021-08-13T00:00:00Z,235000,"1155 12th St UNIT 408, Tuscaloosa, AL 35401",1,1,830,Condominium,2007,University,33.2038038005072,-87.5528666593463,14
2021-08-10T00:00:00Z,90000,"901 Hargrove Rd APT 27A, Tuscaloosa, AL 35401",2,1,710,Condominium,1950,35401,33.1927298940001,-87.5500260593465,71
2021-08-10T00:00:00Z,150000,"1901 5th Ave E UNIT 1108, Tuscaloosa, AL 35401",2,2,1112,Condominium,2007,Forest Lake,33.193695756796,-87.529806299822,14
2021-08-10T00:00:00Z,42000,"907 15th Ave APT 9, Tuscaloosa, AL 35401",1,1,460,Condominium,1972,University,33.207392916009,-87.5568575170184,49
2021-08-09T00:00:00Z,105000,"210 15th St E APT 5, Tuscaloosa, AL 35401",1,1,693,Condominium,1985,University,33.1992131208287,-87.5339143746907,36
2021-08-09T00:00:00Z,264900,"48 Sherwood Dr UNIT 1-C, Tuscaloosa, AL 35401",2,2,1114,Condominium,1940,University,33.2158168987265,-87.552399344002,81
2021-08-09T00:00:00Z,219000,"820 Frank Thomas Ave UNIT 212, Tuscaloosa, AL 35401",1,1,574,Condominium,2009,University,33.2076407224755,-87.5535693016742,12
2021-08-06T00:00:00Z,235000,"502 16th St APT 3, Tuscaloosa, AL 35401",3,3,1480,Townhouse,2009,Forest Lake,33.1979658130795,-87.5418538593465,12
2021-08-06T00:00:00Z,139500,"1901 5th Ave E UNIT 2209, Tuscaloosa, AL 35401",2,2,1044,Condominium,2007,Forest Lake,33.1935795443401,-87.5296403151662,14
2021-08-06T00:00:00Z,147500,"1901 5th Ave E UNIT 1317, Tuscaloosa, AL 35401",2,2,1112,Condominium,2007,Forest Lake,33.1935553880193,-87.5297231574941,14
2021-08-06T00:00:00Z,97000,"210 15th St E APT 1, Tuscaloosa, AL 35401",1,1,693,Condominium,1985,University,33.1991572985887,-87.5339097458546,36
2021-08-06T00:00:00Z,159900,"120 15th St E APT 113, Tuscaloosa, AL 35401",2,2,1040,Condominium,1991,University,33.1999802514626,-87.5353572746906,30
2021-08-06T00:00:00Z,480000,"1018 Hackberry Ln UNIT 204, Tuscaloosa, AL 35401",2,2,1227,Condominium,2008,University,33.2052091364481,-87.543554815166,13
2021-08-05T00:00:00Z,50000,"901 Hargrove Rd APT 5C, Tuscaloosa, AL 35401",2,2,739,Condominium,1950,35401,33.1926580679521,-87.5499509574941,71
2021-08-05T00:00:00Z,85000,"901 Hargrove Rd APT 8A, Tuscaloosa, AL 35401",2,1,710,Condominium,1950,35401,33.1927478505029,-87.5499616863302,71
2021-08-05T00:00:00Z,264900,"48 Sherwood Dr UNIT 1-C-1, Tuscaloosa, AL 35401",2,2,1114,Condominium,1940,University,33.2159279574639,-87.552343672838,81
2021-08-05T00:00:00Z,1549900,"1150 8th St PENTHOUSE 4, Tuscaloosa, AL 35401",4,5,2018,Condominium,2020,University,33.2097800406838,-87.5523780881823,1
2021-08-04T00:00:00Z,105000,"120 15th St E APT 212, Tuscaloosa, AL 35401",1,1,708,Condominium,1991,University,33.1998066519608,-87.5352959458546,30
2021-08-03T00:00:00Z,290000,"708 11th St APT 214, Tuscaloosa, AL 35401",2,2,994,Condominium,1985,University,33.2053919359231,-87.5459365440021,36
2021-08-02T00:00:00Z,259900,"48 Sherwood Dr UNIT 1-A, Tuscaloosa, AL 35401",2,2,1114,Condominium,1940,University,33.2159100057151,-87.5522363844774,81
2021-07-30T00:00:00Z,105000,"1901 5th Ave E UNIT 1212, Tuscaloosa, AL 35401",1,1,804,Condominium,2007,Forest Lake,33.1936213442543,-87.5298398305105,14
2021-07-30T00:00:00Z,136000,"1901 5th Ave E BUILDING 2-2217, Tuscaloosa, AL 35401",2,2,1044,Condominium,2007,Forest Lake,33.1930658801065,-87.5295486421499,14
2021-07-30T00:00:00Z,310000,"700 15th St UNIT 2112, Tuscaloosa, AL 35401",3,3,1288,Condominium,2009,University,33.2005589399064,-87.5470481728383,12
2021-07-30T00:00:00Z,525000,"1018 Hackberry Ln UNIT 312, Tuscaloosa, AL 35401",2,2,1227,Condominium,2008,University,33.2052270903919,-87.5434408305103,13
2021-07-29T00:00:00Z,136000,"1901 5th Ave E UNIT 2217, Tuscaloosa, AL 35401",2,2,1044,Condominium,2007,Forest Lake,33.1935464098512,-87.529597099822,14
2021-07-29T00:00:00Z,305000,"700 15th St UNIT 1111, Tuscaloosa, AL 35401",3,3,1315,Condominium,2010,University,33.1997981744322,-87.5474339170185,11
2021-07-28T00:00:00Z,181000,"600 13th St E APT 641, Tuscaloosa, AL 35401",3,3,1250,Condominium,2006,University,33.2016121920436,-87.5273452593464,15
2021-07-26T00:00:00Z,165000,"120 15th St E APT 106, Tuscaloosa, AL 35401",2,2,1040,Condominium,1991,University,33.1999052190545,-87.5352486421498,30
2021-07-26T00:00:00Z,238000,"700 15th St UNIT 3103, Tuscaloosa, AL 35401",2,2,1194,Condominium,2009,University,33.1998855517344,-87.5466426844777,12
2021-07-26T00:00:00Z,178000,"600 13th St E APT 835, Tuscaloosa, AL 35401",3,3,1175,Condominium,2006,University,33.2015277148951,-87.5273125900349,15
2021-07-26T00:00:00Z,1999999,"1150 8th St PENTHOUSE 7, Tuscaloosa, AL 35401",5,6,2555,Condominium,2020,University,33.2097800406838,-87.5522922574938,1
2021-07-23T00:00:00Z,154900,"1901 5th Ave E UNIT 3305, Tuscaloosa, AL 35401",3,3,1336,Condominium,2007,Forest Lake,33.1936798659614,-87.5294415440023,14
2021-07-22T00:00:00Z,245000,"700 15th St UNIT 1105, Tuscaloosa, AL 35401",2,2,1020,Condominium,2009,University,33.1999000394193,-87.547322528658,12
2021-07-22T00:00:00Z,612500,"1501 UniversityBlvd #104, Tuscaloosa, AL 35401",2,2,1253,Condominium,2020,University,33.2114018077849,-87.557254644002,1
2021-07-21T00:00:00Z,374900,"1403 UniversityBlvd UNIT 9, Tuscaloosa, AL 35401",2,2,1045,Condominium,2010,University,33.2110869903847,-87.5552574709856,11
2021-07-20T00:00:00Z,128500,"1901 5th Ave E UNIT 2214, Tuscaloosa, AL 35401",2,2,1044,Condominium,2007,Forest Lake,33.1935975006685,-87.5296400151662,14
2021-07-20T00:00:00Z,1079000,"510 13th St #206, Tuscaloosa, AL 35401",2,3,1822,Condominium,2019,University,33.2027766344482,-87.5433021016743,2
2021-07-19T00:00:00Z,158000,"1901 5th Ave E UNIT 2110, Tuscaloosa, AL 35401",2,2,1044,Condominium,2007,Forest Lake,33.1935527098401,-87.5297354305105,14
2021-07-19T00:00:00Z,93500,"210 15th St E APT 6, Tuscaloosa, AL 35401",1,1,693,Condominium,1985,University,33.1992308760027,-87.533783528658,36
2021-07-19T00:00:00Z,217000,"600 13th St E APT 1011, Tuscaloosa, AL 35401",3,3,1450,Townhouse,2006,University,33.2016657277568,-87.5270881305103,15
2021-07-16T00:00:00Z,171500,"1901 5th Ave E UNIT 3211, Tuscaloosa, AL 35401",3,3,1336,Condominium,2007,Forest Lake,33.1936039097508,-87.5294853305104,14
2021-07-16T00:00:00Z,105000,"1901 5th Ave E UNIT 2122, Tuscaloosa, AL 35401",1,1,733,Condominium,2007,Forest Lake,33.1935701352939,-87.5298210611989,14
2021-07-15T00:00:00Z,103000,"120 15th St E APT 320, Tuscaloosa, AL 35401",1,1,708,Condominium,1991,University,33.1998860191038,-87.535030057494,30
2021-07-13T00:00:00Z,165000,"907 15th Ave APT 10, Tuscaloosa, AL 35401",1,1,462,Condominium,1972,University,33.2074815763929,-87.556787415166,49
2021-07-12T00:00:00Z,170000,"1901 5th Ave E UNIT 3310, Tuscaloosa, AL 35401",3,3,1336,Condominium,2007,Forest Lake,33.193721547608,-87.5294522728383,14
2021-07-12T00:00:00Z,435000,"2136 12th St, Tuscaloosa, AL 35401",2,3,1584,Townhouse,2017,South 22nd,33.2043836138857,-87.5626350151661,4
2021-07-12T00:00:00Z,176000,"708 11th St APT 310, Tuscaloosa, AL 35401",1,1,608,Condominium,1985,University,33.2053473281207,-87.5459058440021,36
2021-07-12T00:00:00Z,505000,"1018 Hackberry Ln UNIT 112, Tuscaloosa, AL 35401",2,2,1227,Condominium,2008,University,33.2052091364482,-87.5436822170185,13
2021-07-09T00:00:00Z,285000,"2150 3rd Ct APT 104, Tuscaloosa, AL 35401",3,3,1700,Townhouse,2015,Forest Lake,33.1918986179393,-87.5402657574941,6
2021-07-09T00:00:00Z,160900,"1901 5th Ave E UNIT 1120, Tuscaloosa, AL 35401",2,2,1044,Condominium,2007,Forest Lake,33.1935983134086,-87.529806299822,14
2021-07-09T00:00:00Z,173020,"1745 Jack Warner Pkwy APT B1, Tuscaloosa, AL 35401",2,2,1070,Condominium,1968,University,33.2160654293839,-87.5593528709856,53
2021-07-09T00:00:00Z,155000,"120 15th St E APT 301, Tuscaloosa, AL 35401",2,2,1040,Condominium,1991,University,33.199971273953,-87.5350501709858,30
2021-07-08T00:00:00Z,585000,"1038 14th Ave UNIT B, Tuscaloosa, AL 35401",2,3,1532,Condominium,2018,University,33.2059179574814,-87.5553032016742,3
2021-07-06T00:00:00Z,295000,"700 15th St UNIT 1212, Tuscaloosa, AL 35401",3,3,1446,Condominium,2010,University,33.199746786797,-87.5474344170186,11
2021-07-02T00:00:00Z,430000,"1155 12th St UNIT 411, Tuscaloosa, AL 35401",2,2,1290,Condominium,2007,University,33.2036770693366,-87.5527849286579,14
2021-07-01T00:00:00Z,85000,"901 Hargrove Rd APT 15D, Tuscaloosa, AL 35401",2,1,710,Condominium,1950,35401,33.1926760244696,-87.5499616863302,71
2021-07-01T00:00:00Z,156500,"120 15th St E APT 816, Tuscaloosa, AL 35401",2,2,1040,Condominium,1991,University,33.2009968259745,-87.5349880979695,30
2021-06-30T00:00:00Z,139900,"210 15th St E APT 55, Tuscaloosa, AL 35401",2,2,995,Condominium,1985,University,33.1990366660255,-87.5339299170186,36
2021-06-30T00:00:00Z,305000,"700 15th St UNIT 2303, Tuscaloosa, AL 35401",3,3,1478,Condominium,2009,University,33.2006275848098,-87.5470079458546,12
2021-06-30T00:00:00Z,240000,"700 15th St UNIT 3408, Tuscaloosa, AL 35401",2,2,1015,Condominium,2009,University,33.19986615179,-87.5466869881824,12
2021-06-30T00:00:00Z,650000,"510 13th St UNIT 105, Tuscaloosa, AL 35401",2,2,1493,Condominium,2019,University,33.2028125433298,-87.5432699151661,2
2021-06-30T00:00:00Z,151000,"619 15th Ave APT EE, Tuscaloosa, AL 35401",1,1,588,Condominium,1974,University,33.2100052461685,-87.5566967016741,47
2021-06-29T00:00:00Z,165000,"1901 5th Ave E UNIT 2203, Tuscaloosa, AL 35401",3,3,1336,Condominium,2007,Forest Lake,33.1937260003789,-87.5296400151662,14
2021-06-29T00:00:00Z,310000,"920 16th Ave #3, Tuscaloosa, AL 35401",2,2,1062,Condominium,1976,University,33.2072415538217,-87.5584112574939,45
2021-06-29T00:00:00Z,305000,"920 16th Ave #4, Tuscaloosa, AL 35401",2,2,1062,Condominium,1976,University,33.2072325770568,-87.5585400035266,45
2021-06-28T00:00:00Z,310000,"920 16th Ave #8, Tuscaloosa, AL 35401",2,2,1062,Condominium,1976,University,33.2072415538217,-87.5583790709857,45
2021-06-25T00:00:00Z,109900,"1901 5th Ave E UNIT 1312, Tuscaloosa, AL 35401",1,1,804,Condominium,2007,Forest Lake,33.1936483787328,-87.5298260593465,14
2021-06-25T00:00:00Z,140000,"1901 5th Ave E UNIT 1105, Tuscaloosa, AL 35401",2,2,1044,Condominium,2007,Forest Lake,33.19377640379,-87.5298492151662,14
2021-06-25T00:00:00Z,146500,"1901 5th Ave E UNIT 2315, Tuscaloosa, AL 35401",2,2,1114,Condominium,2007,Forest Lake,33.1936333133152,-87.5296521881826,14
2021-06-25T00:00:00Z,176000,"600 13th St E APT 743, Tuscaloosa, AL 35401",3,3,1175,Condominium,2006,University,33.2015161470524,-87.5273219746907,15
2021-06-25T00:00:00Z,287000,"708 11th St APT 213, Tuscaloosa, AL 35401",2,2,994,Condominium,1985,University,33.2053476741604,-87.5459044574939,36
2021-06-25T00:00:00Z,350000,"820 Frank Thomas Ave UNIT 210, Tuscaloosa, AL 35401",2,2,863,Condominium,2009,University,33.2076816293478,-87.5535156574939,12
2021-06-23T00:00:00Z,759900,"1150 8th St #405, Tuscaloosa, AL 35401",2,2,1183,Condominium,2020,University,33.2097261816429,-87.552313715166,1
2021-06-21T00:00:00Z,182500,"1901 5th Ave E UNIT 3127, Tuscaloosa, AL 35401",3,3,1336,Condominium,2007,Forest Lake,33.193468166374,-87.5295245863302,14
2021-06-21T00:00:00Z,137000,"210 15th St E APT 47, Tuscaloosa, AL 35401",2,2,990,Condominium,1985,University,33.199129121044,-87.5338561016743,36
2021-06-18T00:00:00Z,375000,"1805 6th St APT 1, Tuscaloosa, AL 35401",2,3,1562,Townhouse,1984,Queen City,33.2107771147549,-87.5607365016741,37
2021-06-18T00:00:00Z,490000,"1018 Hackberry Ln UNIT 307, Tuscaloosa, AL 35401",2,2,1200,Condominium,2008,University,33.2051091436928,-87.5434609440021,13
2021-06-17T00:00:00Z,242401,"700 15th St UNIT 2407, Tuscaloosa, AL 35401",2,2,1122,Condominium,2009,University,33.2006340721178,-87.5468805440022,12
2021-06-17T00:00:00Z,610000,"1038 14th Ave UNIT A, Tuscaloosa, AL 35401",3,3,1484,Condominium,2018,University,33.2058910267826,-87.5552388286578,3
2021-06-16T00:00:00Z,153000,"1901 5th Ave E UNIT 2303, Tuscaloosa, AL 35401",3,3,1336,Condominium,2007,Forest Lake,33.1937349785284,-87.5295769863302,14
2021-06-16T00:00:00Z,238000,"1155 12th St UNIT 404, Tuscaloosa, AL 35401",1,1,803,Condominium,2007,University,33.2037110092975,-87.5528800440021,14
2021-06-15T00:00:00Z,304900,"700 15th St UNIT 2212, Tuscaloosa, AL 35401",3,3,1446,Condominium,2010,University,33.2005873173058,-87.5470265593464,11
2021-06-15T00:00:00Z,789900,"1150 8th St #609, Tuscaloosa, AL 35401",2,2,1183,Condominium,2020,University,33.2097082286219,-87.5523888170184,1
2021-06-11T00:00:00Z,270000,"2223 University Blvd, Tuscaloosa, AL 35401",2,2,1081,Condominium,1941,Downtown,33.2100983694147,-87.5663632286578,80
2021-06-11T00:00:00Z,154000,"1901 5th Ave E UNIT 3318, Tuscaloosa, AL 35401",2,2,1112,Condominium,2007,Forest Lake,33.1936471350964,-87.5294308151662,14
2021-06-11T00:00:00Z,149900,"1901 5th Ave E UNIT 2210, Tuscaloosa, AL 35401",2,2,1044,Condominium,2007,Forest Lake,33.1936064788317,-87.5295543844778,14
2021-06-11T00:00:00Z,98000,"120 15th St E APT 805, Tuscaloosa, AL 35401",1,1,708,Condominium,1996,University,33.2009090293089,-87.5351267286579,25
2021-06-11T00:00:00Z,749900,"1150 8th St #305, Tuscaloosa, AL 35401",2,2,1183,Condominium,2020,University,33.2097800406838,-87.5523995458545,1
2021-06-11T00:00:00Z,2249900,"1150 8th St PENTHOUSE 3, Tuscaloosa, AL 35401",5,6,3038,Condominium,2020,University,33.2098069701918,-87.5523029863299,1
2021-06-10T00:00:00Z,136000,"1901 5th Ave E UNIT 3307, Tuscaloosa, AL 35401",2,2,1044,Condominium,2007,Forest Lake,33.1936964786193,-87.5295273746908,14
2021-06-10T00:00:00Z,306000,"1426 Paul W Bryant Dr APT 12, Tuscaloosa, AL 35401",2,2,686,Condominium,2013,University,33.2070398775709,-87.5560586421497,8
2021-06-10T00:00:00Z,1135000,"1501 University Blvd #403, Tuscaloosa, AL 35401",4,4,1851,Condominium,2020,University,33.2114287367939,-87.5572653728381,1
2021-06-09T00:00:00Z,225000,"820 Frank Thomas Ave UNIT 106, Tuscaloosa, AL 35401",1,1,574,Condominium,2009,University,33.2076669293901,-87.5537048440021,12
2021-06-09T00:00:00Z,307000,"1510 9th St UNIT 208, Tuscaloosa, AL 35401",2,2,1025,Condominium,2009,University,33.2081662279562,-87.5574051574939,12
2021-06-09T00:00:00Z,819000,"1150 8th St #416, Tuscaloosa, AL 35401",2,3,1394,Condominium,2020,University,33.2097800406838,-87.5523029863299,1
2021-06-04T00:00:00Z,540000,"706 Gene Stallings Ave, Tuscaloosa, AL 35401",3,4,1449,Townhouse,2015,University,33.209482824175,-87.5552291421496,6
2021-06-04T00:00:00Z,695000,"1038 14th Ave UNIT C, Tuscaloosa, AL 35401",3,3,1484,Condominium,2018,University,33.2058551191637,-87.5552388286578,3
2021-06-03T00:00:00Z,96500,"1901 5th Ave E UNIT 2220, Tuscaloosa, AL 35401",1,1,733,Condominium,2007,Forest Lake,33.1936252478943,-87.5296829305105,14
2021-06-03T00:00:00Z,175000,"600 13th St E APT 523, Tuscaloosa, AL 35401",3,3,1175,Condominium,2006,University,33.2016994238851,-87.5274730035267,15
2021-06-03T00:00:00Z,350000,"820 Frank Thomas Ave UNIT 205, Tuscaloosa, AL 35401",2,2,950,Condominium,2009,University,33.207577785389,-87.5536216016742,12
2021-06-02T00:00:00Z,55000,"901 Hargrove Rd APT 34, Tuscaloosa, AL 35401",2,2,850,Apartment,1997,35401,33.1922798085465,-87.5494405151662,24
2021-06-01T00:00:00Z,270000,"2223 University Blvd #4, Tuscaloosa, AL 35401",2,2,1081,Condominium,1941,Downtown,33.2100848399647,-87.5665258170184,80
2021-06-01T00:00:00Z,146000,"1901 5th Ave E UNIT 2311, Tuscaloosa, AL 35401",3,3,1336,Condominium,2007,Forest Lake,33.1937051385631,-87.5296415593465,14
2021-06-01T00:00:00Z,106500,"120 15th St E APT 305, Tuscaloosa, AL 35401",1,1,708,Condominium,1991,University,33.1999687841074,-87.5351252728382,30
2021-06-01T00:00:00Z,230000,"700 15th St UNIT 2408, Tuscaloosa, AL 35401",2,2,1020,Condominium,2009,University,33.200615494701,-87.5468376286579,12
2021-05-30T00:00:00Z,147000,"120 15th St E APT 414, Tuscaloosa, AL 35401",2,2,1040,Condominium,2006,University,33.2010584483667,-87.5356347746906,15
2021-05-28T00:00:00Z,137500,"1901 5th Ave E UNIT 1301, Tuscaloosa, AL 35401",2,2,1044,Condominium,2007,Forest Lake,33.1936982004416,-87.529762099822,14
2021-05-27T00:00:00Z,217000,"900 Red Drew Ave UNIT 22, Tuscaloosa, AL 35401",1,1,616,Condominium,2001,University,33.2077196524977,-87.5548075016742,20
2021-05-27T00:00:00Z,375000,"1403 University Blvd UNIT 8, Tuscaloosa, AL 35401",2,2,1020,Condominium,2010,University,33.2110786376203,-87.5553433016741,11
2021-05-26T00:00:00Z,108000,"120 15th St E APT 705, Tuscaloosa, AL 35401",1,1,708,Condominium,1996,University,33.2009586711216,-87.535304030782,25
2021-05-25T00:00:00Z,175000,"2209 9th St APT 803, Tuscaloosa, AL 35401",2,2,1272,Condominium,1954,Greensboro/Bryant,33.2063055257625,-87.5644607421497,67
2021-05-24T00:00:00Z,125000,"1901 5th Ave E UNIT 2301, Tuscaloosa, AL 35401",2,2,1044,Condominium,2007,Forest Lake,33.1938439599106,-87.5296413593465,14
2021-05-24T00:00:00Z,139000,"120 15th St E APT 315, Tuscaloosa, AL 35401",2,2,1040,Condominium,1991,University,33.1999341189804,-87.5351158881825,30
2021-05-21T00:00:00Z,147500,"1901 5th Ave E UNIT 3324, Tuscaloosa, AL 35401",2,2,1044,Condominium,2007,Forest Lake,33.1935625007476,-87.529387899822,14
2021-05-21T00:00:00Z,156000,"120 15th St E APT 808, Tuscaloosa, AL 35401",2,2,1040,Condominium,1991,University,33.200944338958,-87.535131828658,30
2021-05-21T00:00:00Z,97900,"120 15th St E APT 903, Tuscaloosa, AL 35401",1,1,708,Condominium,1991,University,33.2010933579563,-87.5350328286579,30
2021-05-21T00:00:00Z,385000,"1401 6th St UNIT 1C, Tuscaloosa, AL 35401",2,2,1243,Condominium,2010,University,33.2103042453402,-87.5553311305102,11
2021-05-19T00:00:00Z,150000,"120 15th St E APT 201, Tuscaloosa, AL 35401",2,2,1040,Condominium,1991,University,33.1999533189313,-87.5351654998219,30
2021-05-18T00:00:00Z,310000,"1426 Paul W Bryant Dr APT 6, Tuscaloosa, AL 35401",2,1,686,Condominium,2013,University,33.2070319471668,-87.5562088458545,8
2021-05-14T00:00:00Z,282500,"2150 3rd Ct APT 306, Tuscaloosa, AL 35401",3,3,1886,Townhouse,2014,Forest Lake,33.1919818610131,-87.5411414574941,7
2021-05-14T00:00:00Z,360000,"820 Frank Thomas Ave UNIT 105, Tuscaloosa, AL 35401",2,2,863,Condominium,2009,University,33.2076675526422,-87.5537048440021,12
2021-05-14T00:00:00Z,495000,"1650 Jack Warner Pkwy UNIT 2104, Tuscaloosa, AL 35401",2,2,1353,Condominium,2012,University,33.2179223700941,-87.5586282998216,9
2021-05-14T00:00:00Z,290000,"1510 9th St UNIT 108, Tuscaloosa, AL 35401",2,2,1025,Condominium,2009,University,33.2081661279564,-87.5576479881824,12
2021-05-12T00:00:00Z,779900,"1150 8th St #605, Tuscaloosa, AL 35401",2,2,1183,Condominium,2020,University,33.2098159466927,-87.5524102746905,1
2021-05-11T00:00:00Z,282000,"1110 17th St #203, Tuscaloosa, AL 35401",3,4,1065,Condominium,2020,West Tuscaloosa,33.1974024365005,-87.553174457494,1
2021-05-10T00:00:00Z,197500,"2209 9th St APT 204, Tuscaloosa, AL 35401",2,2,1474,Condominium,1954,Greensboro/Bryant,33.2062804027096,-87.5646988016742,67
2021-05-10T00:00:00Z,150000,"120 15th St E APT 514, Tuscaloosa, AL 35401",2,2,1040,Condominium,1991,University,33.2010310387447,-87.5353358998218,30
2021-05-10T00:00:00Z,172000,"600 13th St E APT 812, Tuscaloosa, AL 35401",3,3,1239,Condominium,2006,University,33.2017109691361,-87.5270956133137,15
2021-05-10T00:00:00Z,530000,"1650 Jack Warner Pkwy UNIT 2103, Tuscaloosa, AL 35401",3,2,1414,Condominium,2012,University,33.2179768484017,-87.5587141305101,9
2021-05-06T00:00:00Z,234000,"820 Frank Thomas Ave UNIT 103, Tuscaloosa, aL 35401",1,1,634,Condominium,2009,University,33.2076598224288,-87.5536726574939,12
2021-05-05T00:00:00Z,155000,"120 15th St E APT 121, Tuscaloosa, AL 35401",2,2,1040,Condominium,1991,University,33.1998164294849,-87.5351987421497,30
2021-05-03T00:00:00Z,162900,"120 15th St E APT 407, Tuscaloosa, AL 35401",2,2,1040,Condominium,1991,University,33.2010637354812,-87.5354606133137,30
2021-04-30T00:00:00Z,134500,"1901 5th Ave E UNIT 2309, Tuscaloosa, AL 35401",2,2,1044,Condominium,2007,Forest Lake,33.1935884225049,-87.5295986440023,14
2021-04-30T00:00:00Z,158000,"600 13th St E APT 322, Tuscaloosa, AL 35401",2,2,875,Condominium,2006,University,33.2016637145464,-87.5274138440022,15
2021-04-30T00:00:00Z,287500,"1510 9th St UNIT 211, Tuscaloosa, AL 35401",2,2,1026,Condominium,2009,University,33.2081642580526,-87.5575017170184,12
2021-04-28T00:00:00Z,1300000,"1501 University Blvd #401, Tuscaloosa, AL 35401",3,3,1801,Condominium,2020,University,33.2114915710188,-87.5572868307817,1
2021-04-26T00:00:00Z,180000,"1745 Jack Warner Pkwy APT B24, Tuscaloosa, AL 35401",2,2,1196,Condominium,1968,University,33.2161748601169,-87.559383101946,53
2021-04-23T00:00:00Z,332000,"2209 9th St APT 903, Tuscaloosa, AL 35401",3,2,1918,Condominium,1954,Greensboro/Bryant,33.2063029333076,-87.564525115452,67
2021-04-23T00:00:00Z,160500,"120 15th St E APT 115, Tuscaloosa, AL 35401",2,2,1040,Condominium,1991,University,33.1999341189808,-87.535357274973,30
2021-04-23T00:00:00Z,142500,"120 15th St E APT 415, Tuscaloosa, AL 35401",2,2,1040,Condominium,1991,University,33.2010311935931,-87.5355576731234,30
2021-04-23T00:00:00Z,174000,"600 13th St E APT 826, Tuscaloosa, AL 35401",3,3,1175,Condominium,2006,University,33.2016117241463,-87.5273018614799,15
2021-04-23T00:00:00Z,230000,"700 15th St UNIT 3301, Tuscaloosa, AL 35401",2,2,1015,Condominium,2009,University,33.1998779191249,-87.5466346442878,12
2021-04-23T00:00:00Z,610000,"1501 University Blvd #105, Tuscaloosa, AL 35401",2,2,1260,Condominium,2020,University,33.2114197604592,-87.5573726614798,1
2021-04-23T00:00:00Z,332000,"2209-2209 9th St #903, Tuscaloosa, AL 35401",3,2,1918,Condominium,1954,University,33.2062760027215,-87.5645358442876,67
2021-04-20T00:00:00Z,1999000,"1150 8th St #619, Tuscaloosa, AL 35401",4,5,2314,Condominium,2020,University,33.2097441346605,-87.5523566307945,1
2021-04-16T00:00:00Z,152000,"120 15th St E APT 410, Tuscaloosa, AL 35401",2,2,1040,Condominium,1991,University,33.2009719937509,-87.5355679019591,30
2021-04-16T00:00:00Z,179000,"600 13th St E APT 532, Tuscaloosa, AL 35401",3,3,1175,Condominium,2006,University,33.2015654921685,-87.52745886148,15
2021-04-15T00:00:00Z,140000,"120 15th St E APT 401, Tuscaloosa, AL 35401",2,2,1040,Condominium,1991,University,33.2009867743032,-87.5355464442878,30
2021-04-15T00:00:00Z,295000,"1109 16th Ave UNIT B, Tuscaloosa, AL 35401",2,3,798,Condominium,1920,University,33.205263890279,-87.5579813307946,101
2021-04-15T00:00:00Z,165000,"600 13th St E APT 842, Tuscaloosa, AL 35401",3,3,1250,Condominium,2006,University,33.2015257470252,-87.527237488466,15
2021-04-14T00:00:00Z,164000,"1901 5th Ave E UNIT 3311, Tuscaloosa, AL 35401",3,3,1336,Condominium,2007,Forest Lake,33.193738782088,-87.5294844596305,14
2021-04-13T00:00:00Z,163500,"120 15th St E APT 318, Tuscaloosa, AL 35401",2,2,1040,Condominium,1991,University,33.1998783865005,-87.5352124479869,30
2021-04-08T00:00:00Z,175000,"721 20th Ave #103, Tuscaloosa, AL 35401",1,1,750,Condominium,1940,Queen City,33.2091416315439,-87.5617110442876,81
2021-04-07T00:00:00Z,1e+05,"120 15th St E APT 313, Tuscaloosa, AL 35401",1,1,708,Condominium,1991,University,33.199989328971,-87.5350300577808,30
2021-04-06T00:00:00Z,181000,"6 Brook Meadows Cir, Tuscaloosa, AL 35401",4,4,1856,Townhouse,1999,35401,33.1880409644968,-87.5311090173019,22
2021-04-05T00:00:00Z,144000,"1901 5th Ave E UNIT 2104, Tuscaloosa, AL 35401",2,2,1044,Condominium,2007,Forest Lake,33.193682556829,-87.5298129307949,14
2021-03-31T00:00:00Z,287000,"1510 9th St UNIT 212, Tuscaloosa, AL 35401",2,2,1025,Condominium,2009,University,33.2081456814124,-87.5574373442876,12
2021-03-31T00:00:00Z,164000,"120 15th St E APT 507, Tuscaloosa, AL 35401",2,2,1040,Condominium,2006,University,33.2010581129301,-87.53565506148,15
2021-03-30T00:00:00Z,134900,"210 15th St E APT 63, Tuscaloosa, AL 35401",2,1,995,Condominium,1985,University,33.1990252884251,-87.5337514019591,36
2021-03-30T00:00:00Z,275000,"1745 Jack Warner Pkwy APT D3, Tuscaloosa, AL 35401",1,1,797,Condominium,1968,University,33.2161034051597,-87.5593754173014,53
2021-03-26T00:00:00Z,167000,"600 13th St E APT 322, Tuscaloosa, AL 35401",3,3,1175,Condominium,2006,University,33.2036031084212,-87.5267217546179,15
2021-03-24T00:00:00Z,1500000,"511 11th St APT 101, Tuscaloosa, AL 35401",3,4,2684,Condominium,2018,University,33.2047671377177,-87.5431063577807,3
2021-03-23T00:00:00Z,180000,"30 Brook Meadows Cir, Tuscaloosa, AL 35401",4,4,1920,Townhouse,1999,35401,33.1877511865693,-87.5301773019593,22
2021-03-22T00:00:00Z,220000,"600 13th St E APT 112, Tuscaloosa, AL 35401",3,3,1410,Condominium,2006,University,33.2016095410821,-87.5275296001095,15
2021-03-22T00:00:00Z,525000,"1650 Jack Warner Pkwy UNIT 2102, Tuscaloosa, AL 35401",3,2,1512,Condominium,2012,University,33.2178741701985,-87.5587342442875,9
2021-03-22T00:00:00Z,545000,"1650 Jack Warner Pkwy UNIT 2201, Tuscaloosa, AL 35401",3,2,1512,Condominium,2012,University,33.217955675531,-87.5586711154518,9
2021-03-19T00:00:00Z,132000,"120 15th St E APT 405, Tuscaloosa, AL 35401",2,2,1040,Condominium,1991,University,33.2009931614115,-87.5355464442878,30
2021-03-19T00:00:00Z,129390,"120 15th St E APT 409, Tuscaloosa, AL 35401",2,2,1040,Condominium,1991,University,33.2009278292706,-87.53566446148,30
2021-03-19T00:00:00Z,185000,"600 13th St E APT 815, Tuscaloosa, AL 35401",3,3,1175,Condominium,2006,University,33.2016251599209,-87.5271410289451,15
2021-03-19T00:00:00Z,409900,"1155 12th St UNIT 102, Tuscaloosa, AL 35401",2,2,1290,Condominium,2007,University,33.2038574860572,-87.5531514614799,14
2021-03-18T00:00:00Z,150000,"1901 5th Ave E UNIT 3206, Tuscaloosa, AL 35401",2,2,1112,Condominium,2007,Forest Lake,33.1937688256406,-87.5294528442879,14
2021-03-18T00:00:00Z,212000,"600 13th St E APT 214, Tuscaloosa, AL 35401",3,3,1410,Townhouse,2006,University,33.20171564648,-87.5274997731234,15
2021-03-17T00:00:00Z,178000,"600 13th St E APT 816, Tuscaloosa, AL 35401",3,3,1175,Condominium,2006,University,33.2016245372842,-87.5270981136025,15
2021-03-16T00:00:00Z,142000,"120 15th St E APT 510, Tuscaloosa, AL 35401",2,2,1040,Condominium,1991,University,33.2009763486028,-87.5355201154521,30
2021-03-12T00:00:00Z,148000,"1901 5th Ave E UNIT 3110, Tuscaloosa, AL 35401",2,2,1044,Condominium,2007,Forest Lake,33.1937139167164,-87.5295892596305,14
2021-03-12T00:00:00Z,146900,"120 15th St E APT 122, Tuscaloosa, AL 35401",2,2,1040,Condominium,1991,University,33.1997625643138,-87.5353272884661,30
2021-03-10T00:00:00Z,285000,"1409 Cloverdale Rd, Tuscaloosa, AL 35401",3,3,1480,Townhouse,2013,University,33.1996919747267,-87.5396801173017,8
2021-03-09T00:00:00Z,305000,"700 15th St UNIT 2410, Tuscaloosa, AL 35401",3,3,1407,Condominium,2009,University,33.2006051721982,-87.5469771038086,12
2021-03-08T00:00:00Z,95000,"1901 5th Ave E UNIT 2120, Tuscaloosa, AL 35401",1,1,733,Condominium,2007,Forest Lake,33.1935803570804,-87.5297566884662,14
2021-03-08T00:00:00Z,223900,"700 15th St UNIT 3207, Tuscaloosa, AL 35401",2,2,1037,Condominium,2009,University,33.1998551967285,-87.5467386884661,12
2021-03-08T00:00:00Z,134400,"1747 Jack Warner Pkwy APT 203-B, Tuscaloosa, AL 35401",2,2,1014,Condominium,1988,University,33.215557202987,-87.5599322001093,33
2021-03-05T00:00:00Z,150000,"600 13th St E APT 436, Tuscaloosa, AL 35401",2,2,875,Condominium,2006,University,33.2015090375686,-87.5274897038086,15
2021-03-03T00:00:00Z,158000,"4 Brook Meadows Cir #4, Tuscaloosa, AL 35401",4,3,1920,Townhouse,1999,35401,33.1878810197258,-87.5306807712741,22
2021-03-03T00:00:00Z,579900,"1150 8th St #314, Tuscaloosa, AL 35401",1,2,888,Condominium,2020,University,33.2098338996919,-87.5523351731233,1
2021-03-02T00:00:00Z,125000,"210 15th St E APT 28, Tuscaloosa, AL 35401",2,2,995,Condominium,1985,University,33.1983340115982,-87.5326353596304,36
2021-03-01T00:00:00Z,224000,"708 11th St APT 321, Tuscaloosa, AL 35401",2,1,811,Condominium,1985,University,33.2053021361814,-87.5465333424381,36
2021-03-01T00:00:00Z,819900,"1150 8th St #418, Tuscaloosa, AL 35401",2,3,1287,Condominium,2020,University,33.2097441346605,-87.5523459019589,1
2021-03-01T00:00:00Z,849900,"1150 8th St #420, Tuscaloosa, AL 35401",2,3,1305,Condominium,2020,University,33.2097620876742,-87.5523780884659,1
2021-02-26T00:00:00Z,98500,"120 15th St E APT 306, Tuscaloosa, AL 35401",1,1,708,Condominium,1991,University,33.1999770391591,-87.5351574596304,30
2021-02-26T00:00:00Z,390000,"712 Frank Thomas Ave APT 101, Tuscaloosa, AL 35401",2,3,1202,Condominium,2001,University,33.2090725487519,-87.5535559596302,20
2021-02-24T00:00:00Z,115000,"1605-J Hackberry Ln #10, Tuscaloosa, AL 35401",2,1.5,1190,Condominium,1984,35401,33.1972460034025,-87.5426724884661,37
2021-02-19T00:00:00Z,814900,"1150 8th St #615, Tuscaloosa, AL 35401",2,3,1397,Condominium,2020,University,33.209815946693,-87.5523351731233,1
2021-02-18T00:00:00Z,262500,"2150 3rd Ct APT 401, Tuscaloosa, AL 35401",3,3.5,1700,Townhouse,2014,Forest Lake,33.1920475958893,-87.5416784154523,7
2021-02-17T00:00:00Z,169500,"1901 5th Ave E UNIT 3214, Tuscaloosa, AL 35401",3,3,1336,Condominium,2007,Forest Lake,33.1936418914757,-87.5295368596305,14
2021-02-17T00:00:00Z,849900,"510 13th St #303, Tuscaloosa, AL 35401",2,2,1558,Condominium,2019,University,33.2027766344488,-87.5433986614799,2
2021-02-17T00:00:00Z,1099000,"510 13th St #301, Tuscaloosa, AL 35401",2,3,1877,Condominium,2019,University,33.2027856116706,-87.543366474973,2
2021-02-12T00:00:00Z,165000,"1901 5th Ave E UNIT 3301, Tuscaloosa, AL 35401",3,3,1336,Condominium,2007,Forest Lake,33.1937182658871,-87.5294737307948,14
2021-02-10T00:00:00Z,130000,"1605L Hackberry Ln #12, Tuscaloosa, AL 35401",2,1,595,Condominium,1984,Forest Lake,33.1973161256922,-87.542685974973,37
2021-02-05T00:00:00Z,121600,"1605 Hackberry Ln #H, Tuscaloosa, AL 35401",2,1,595,Condominium,1984,Forest Lake,33.1973447590295,-87.5426724884661,37
2021-02-05T00:00:00Z,228500,"700 15th St UNIT 1406, Tuscaloosa, AL 35401",2,2,1015,Condominium,2010,University,33.1997879316085,-87.5472867442878,11
2021-02-03T00:00:00Z,287500,"708 11th St APT 104, Tuscaloosa, AL 35401",2,1,994,Condominium,1985,University,33.2053271281711,-87.5461579173016,36
2021-02-02T00:00:00Z,172000,"708 11th St APT 319, Tuscaloosa, AL 35401",1,1,608,Condominium,1985,University,33.2053213361264,-87.5466085442877,36
2021-02-01T00:00:00Z,299999,"801 16th Ave UNIT 2A, Tuscaloosa, AL 35401",2,2,867,Condominium,2007,University,33.208605596748,-87.5580620731233,14
2021-01-28T00:00:00Z,121600,"1605 Hackberry Ln APT 8, Tuscaloosa, AL 35401",2,2,1190,Condominium,1984,Forest Lake,33.1973524368122,-87.5426270019591,37
2021-01-28T00:00:00Z,90000,"2211 18th St, Tuscaloosa, AL 35401",3,2,1252,Townhouse,1924,West Tuscaloosa,33.19624250636,-87.5613049884661,97
2021-01-27T00:00:00Z,170000,"721 20th Ave #203, Tuscaloosa, AL 35401",1,1,750,Condominium,1940,Queen City,33.2091147018312,-87.5617539596302,81
2021-01-26T00:00:00Z,130000,"1605 Hackberry Ln APT 12, Tuscaloosa, AL 35401",2,2,1190,Townhouse,1984,Forest Lake,33.1973161256922,-87.5426216019591,37
2021-01-26T00:00:00Z,106600,"120 15th St E APT 203, Tuscaloosa, AL 35401",1,1,708,Condominium,1991,University,33.1998802538819,-87.5353157038087,30
2021-01-25T00:00:00Z,149900,"1901 5th Ave E UNIT 1225, Tuscaloosa, AL 35401",2,2,1114,Condominium,2007,Forest Lake,33.1935861262024,-87.5298612884662,14
2021-01-25T00:00:00Z,1009900,"1150 8th St PENTHOUSE 2, Tuscaloosa, AL 35401",2,3,1561,Condominium,2020,University,33.2097979936904,-87.5523995461372,1
2021-01-22T00:00:00Z,298000,"1510 9th St UNIT 121, Tuscaloosa, AL 35401",2,2,1085,Condominium,2009,University,33.2080372379872,-87.5576170461372,12
2021-01-19T00:00:00Z,2084900,"1150 8th St PENTHOUSE 1, Tuscaloosa, AL 35401",5,6,2973,Condominium,2020,University,33.2098249231929,-87.5523780884659,1
2021-01-17T00:00:00Z,150000,"1901 5th Ave E UNIT 1316, Tuscaloosa, AL 35401",2,2,1044,Condominium,2007,Forest Lake,33.1936996603991,-87.5297768019592,14
2021-01-17T00:00:00Z,265000,"708 11th St APT 320, Tuscaloosa, AL 35401",2,1,811,Condominium,1985,University,33.2052219664847,-87.5466192731233,36
2021-01-15T00:00:00Z,160000,"120 15th ST E APT 520, Tuscaloosa, AL 35401",2,1,1040,Condominium,1991,University,33.2009643614794,-87.5354539173017,30
2021-01-14T00:00:00Z,199900,"708 11th St APT 326, Tuscaloosa, AL 35401",1,1,608,Condominium,1985,University,33.2053591432061,-87.5464333326442,36
2021-01-14T00:00:00Z,175000,"600 13th ST E APT 624, Tuscaloosa, AL 35401",3,3,1239,Condominium,2006,University,33.2017593878435,-87.5273281307947,15
2021-01-14T00:00:00Z,183000,"600 13th St E APT 823, Tuscaloosa, AL 35401",3,3,1175,Condominium,2006,University,33.2016315467215,-87.5271409289451,15
2021-01-14T00:00:00Z,259900,"700 15th St UNIT 3109, Tuscaloosa, AL 35401",2,2,1194,Condominium,2009,University,33.1998758517624,-87.5468324038087,12
2021-01-14T00:00:00Z,1349900,"1150 8th St PENTHOUSE 6, Tuscaloosa, AL 35401",3,4,2038,Condominium,2020,University,33.2097890171877,-87.5523673596302,1
2021-01-13T00:00:00Z,249000,"2304 University Blvd #204, Tuscaloosa, AL 35401",2,3,856,Condominium,2009,Downtown,33.2106778971813,-87.5673388884658,12
2021-01-13T00:00:00Z,310000,"917 Homewood Dr UNIT 2, Tuscaloosa, AL 35401",3,3,740,Townhouse,2008,University,33.2016220920177,-87.5493378307947,13
2021-01-12T00:00:00Z,140000,"120 15th St E APT 424, Tuscaloosa, AL 35401",2,2,1040,Condominium,1991,University,33.200965448634,-87.535614374973,30
2021-01-12T00:00:00Z,525000,"1155 12th St UNIT 101, Tuscaloosa, AL 35401",3,3,1555,Condominium,2007,University,33.2038395318326,-87.553087688466,14
2021-01-10T00:00:00Z,105000,"901 Hargrove Rd APT 12D, Tuscaloosa, AL 35401",2,2,710,Condominium,1950,35401,33.1926670462116,-87.5500689749731,71
2021-01-10T00:00:00Z,150000,"1901 5th Ave E UNIT 3228, Tuscaloosa, AL 35401",2,2,1044,Condominium,2007,Forest Lake,33.1935483481231,-87.5295259307949,14
2021-01-10T00:00:00Z,312000,"1510 9th St UNIT 206, Tuscaloosa, AL 35401",2,2,1025,Condominium,2009,University,33.2080462146696,-87.5576076614798,12
2021-01-08T00:00:00Z,175000,"600 13th St E APT 614, Tuscaloosa, AL 35401",3,3,1175,Condominium,2006,University,33.2016591371991,-87.5272470001095,15
2021-01-08T00:00:00Z,829900,"1150 8th St #301, Tuscaloosa, AL 35401",2,3,1622,Condominium,2020,University,33.2098069701922,-87.5523459019589,1
2021-01-07T00:00:00Z,178000,"2 Brook Meadows Cir, Tuscaloosa, AL 35401",4,3,1856,Townhouse,1999,35401,33.1879073498079,-87.5305316154523,22
2021-01-06T00:00:00Z,145500,"1901 5th Ave E UNIT 2215, Tuscaloosa, AL 35401",2,2,1114,Condominium,2007,Forest Lake,33.193597500669,-87.5296722019592,14
2021-01-05T00:00:00Z,265900,"2150 3rd Ct APT 202, Tuscaloosa, AL 35401",3,3,1700,Townhouse,2014,Forest Lake,33.1919629095541,-87.5406168884662,7
2021-01-05T00:00:00Z,98500,"120 15th St E APT 806, Tuscaloosa, AL 35401",1,1,708,Condominium,1996,University,33.2009627937756,-87.5351714442877,25
2021-01-05T00:00:00Z,239000,"600 13th St E APT 1014, Tuscaloosa, AL 35401",3,3,1450,Condominium,2006,University,33.2017569784232,-87.5271058173016,15
2021-01-05T00:00:00Z,247500,"700 15th St UNIT 2308, Tuscaloosa, AL 35401",2,2,1020,Condominium,2009,University,33.2006423270292,-87.5469328442878,12
2020-12-29T00:00:00Z,148500,"1901 5th Ave E UNIT 1117, Tuscaloosa, AL 35401",2,2,1112,Condominium,2007,Forest Lake,33.1936271133321,-87.5299672326444,13
2020-12-29T00:00:00Z,125000,"1747 Jack Warner Pkwy APT 303-B, Tuscaloosa, AL 35401",2,2,1014,Condominium,1988,University,33.2155751548082,-87.5600394884658,32
2020-12-22T00:00:00Z,852599,"1150 8th St #520, Tuscaloosa, AL 35401",2,3,1305,Condominium,2020,University,33.2097800406841,-87.5523137154519,0
2020-12-21T00:00:00Z,285000,"1100 14th Ave APT B2, Tuscaloosa, AL 35401",2,3,1096,Condominium,1977,University,33.2054492969636,-87.5552956307946,43
2020-12-21T00:00:00Z,163500,"708 11th St APT 122, Tuscaloosa, AL 35401",1,1,642,Condominium,1985,University,33.2052315744228,-87.546765988466,35
2020-12-18T00:00:00Z,280000,"2150 3rd Ct APT 301, Tuscaloosa, AL 35401",3,3,1700,Townhouse,2015,Forest Lake,33.1920068877698,-87.5412260596306,5
2020-12-18T00:00:00Z,283000,"2209 9th St APT 704, Tuscaloosa, AL 35401",2,2,1545,Condominium,1954,Greensboro/Bryant,33.2062567027708,-87.5646310596303,66
2020-12-17T00:00:00Z,282500,"708 11th St APT 227, Tuscaloosa, AL 35401",2,2,994,Condominium,1985,University,33.2052561053363,-87.5466898307946,35
2020-12-12T00:00:00Z,540000,"14 Oakwood Ct, Tuscaloosa, AL 35401",5,4,3060,Townhouse,1910,University,33.2044964155674,-87.556774001959,110
2020-12-11T00:00:00Z,151800,"600 13th St E APT 411, Tuscaloosa, AL 35401",2,2,985,Condominium,2006,University,33.2017443558204,-87.5274575173017,14
2020-12-10T00:00:00Z,154900,"1901 5th Ave E UNIT 3208, Tuscaloosa, AL 35401",2,2,1112,Condominium,2007,Forest Lake,33.1937406475513,-87.5295066884662,13
2020-12-10T00:00:00Z,346500,"942 Parkview Dr, Tuscaloosa, AL 35401",4,4.5,2800,Townhouse,2014,University,33.2007490816272,-87.5500902442877,6
2020-12-07T00:00:00Z,427000,"1510 9th St UNIT 103, Tuscaloosa, AL 35401",3,4,1475,Condominium,2009,University,33.208101944643,-87.5577217461372,11
2020-12-03T00:00:00Z,282500,"1426 Paul W Bryant Dr APT 7, Tuscaloosa, AL 35401",2,2,686,Condominium,2013,University,33.2070492775461,-87.5561015577807,7
2020-12-03T00:00:00Z,595000,"1150 8th St UNIT 511, Tuscaloosa, AL 35401",2,2,1183,Condominium,2020,University,33.2097800406841,-87.5523673596302,0
2020-12-01T00:00:00Z,125000,"1901 5th Ave E BUILDING 2-2317, Tuscaloosa, AL 35401",2,2,1044,Condominium,2007,Forest Lake,33.1930838365407,-87.5296452019592,13
2020-12-01T00:00:00Z,755000,"1150 8th St UNIT 620, Tuscaloosa, AL 35401",2,3,1305,Condominium,2020,University,33.2097979936904,-87.5524102749728,0
2020-11-30T00:00:00Z,125000,"1901 5th Ave E UNIT 2317, Tuscaloosa, AL 35401",2,2,1044,Condominium,2007,Forest Lake,33.1936092570094,-87.5296306307948,13
2020-11-25T00:00:00Z,789900,"1150 8th St #515, Tuscaloosa, AL 35401",2,3,1394,Condominium,2020,University,33.2098338996919,-87.5523995461372,0
2020-11-24T00:00:00Z,175000,"600 13th St E APT 643, Tuscaloosa, AL 35401",3,3,1250,Condominium,2006,University,33.2015738468872,-87.5272348001095,14
2020-11-20T00:00:00Z,180000,"1745 Jack Warner Pkwy APT A21, Tuscaloosa, AL 35401",3,2,1311,Condominium,1968,University,33.2161509085362,-87.5593963442875,52
2020-11-20T00:00:00Z,222500,"708 11th St, APT 120, Tuscaloosa, AL 35401",2,1,811,Condominium,1985,University,33.2052565283448,-87.546766788466,35
2020-11-20T00:00:00Z,176900,"708 11th St APT 209, Tuscaloosa, AL 35401",1,1,608,Condominium,1985,University,33.2053354821164,-87.5460854038086,35
2020-11-18T00:00:00Z,294500,"1426 Paul W Bryant Dr APT 11, Tuscaloosa, AL 35401",2,2,2013,Condominium,2013,University,33.2070314239759,-87.5561659307946,7
2020-11-18T00:00:00Z,769900,"1150 8th St #315, Tuscaloosa, AL 35401",2,3,1397,Condominium,2020,University,33.2097800406841,-87.5523780884659,0
2020-11-13T00:00:00Z,101950,"1747 Jack Warner Pkwy APT 211-A, Tuscaloosa, AL 35401",1,1,657,Condominium,1988,University,33.2156110584395,-87.5600824038084,32
2020-11-13T00:00:00Z,1849000,"1150 8th St UNIT 419, Tuscaloosa, AL 35401",4,5,2314,Condominium,2017,University,33.2097710641796,-87.5523673596302,3
2020-11-13T00:00:00Z,822500,"1150 8th St UNIT 518, Tuscaloosa, AL 35401",2,3,1287,Condominium,2020,University,33.2097800406841,-87.5524210038085,0
2020-11-12T00:00:00Z,575000,"1018 Hackberry Ln UNIT 308, Tuscaloosa, AL 35401",2,1,1227,Condominium,2008,University,33.2052162444271,-87.5434609442877,12
2020-11-06T00:00:00Z,829000,"1150 8th St #601, Tuscaloosa, AL 35401",2,3,1622,Condominium,2020,University,33.2097979936904,-87.5523673596302,0
2020-11-06T00:00:00Z,1899000,"1150 8th St UNIT 519, Tuscaloosa, AL 35401",4,5,2314,Condominium,2020,University,33.2098518526871,-87.552281528945,0
2020-10-30T00:00:00Z,375000,"1411 22nd Ave, Tuscaloosa, AL 35401",3,3,1703,Townhouse,2020,South 22nd,33.2016967371066,-87.5616338173017,0
2020-10-27T00:00:00Z,849900,"1150 8th St #516, Tuscaloosa, AL 35401",2,3,1394,Condominium,2020,University,33.2097800406841,-87.5522278847667,0
2020-10-20T00:00:00Z,82000,"901 Hargrove Rd APT 16C, Tuscaloosa, AL 35401",2,2,739,Condominium,1950,35401,33.1927478505032,-87.5500367884662,70
2020-10-16T00:00:00Z,889900,"1150 8th St #618, Tuscaloosa, AL 35401",2,3,1287,Condominium,2020,University,33.209815946693,-87.5523566307946,0
2020-10-16T00:00:00Z,590000,"1150 8th St UNIT 309, Tuscaloosa, AL 35401",2,2,1183,Condominium,2020,University,33.2098338996919,-87.5523780884659,0
2020-10-16T00:00:00Z,809000,"1150 8th St UNIT 616, Tuscaloosa, AL 35401",2,3,1394,Condominium,2020,University,33.209815946693,-87.5523566307946,0
2020-10-16T00:00:00Z,799000,"1150 8th St #501, Tuscaloosa, AL 35401",2,3,1622,Condominium,2020,University,33.209815946693,-87.5523459019589,0
2020-10-16T00:00:00Z,735000,"1150 8th St #401, Tuscaloosa, AL 35401",2,3,1622,Condominium,2020,University,33.2098787821731,-87.5523459019589,0
2020-10-15T00:00:00Z,1250000,"1501 University Blvd #301, Tuscaloosa, AL 35401",3,3,1801,Condominium,2020,University,33.2114825947878,-87.5572224577806,0
2020-10-15T00:00:00Z,620000,"1150 8th St UNIT 502, Tuscaloosa, AL 35401",2,3,1561,Condominium,2020,University,33.2098069701922,-87.5523459019589,0
2020-10-14T00:00:00Z,749000,"1150 8th St UNIT 602, Tuscaloosa, AL 35401",2,3,1561,Condominium,2020,University,33.2097351581523,-87.5523244442876,0
2020-10-09T00:00:00Z,92500,"1901 5th Ave E UNIT 3304, Tuscaloosa, AL 35401",1,1,733,Condominium,2007,Forest Lake,33.1937612911455,-87.5295273749731,13
2020-10-08T00:00:00Z,168900,"907 15th Ave APT 11, Tuscaloosa, AL 35401",1,1,460,Condominium,1978,University,33.207436692683,-87.5568088731233,42
2020-10-08T00:00:00Z,295900,"1426 Paul W Bryant Dr APT 3, Tuscaloosa, AL 35401",2,2,912,Condominium,2012,University,33.2071119150131,-87.5561727596302,8
2020-10-06T00:00:00Z,640000,"1411 Paul W Bryant Dr #106, Tuscaloosa, AL 35401",5,5,2200,Townhouse,2019,University,33.2066644711896,-87.5558455866164,1
2020-10-05T00:00:00Z,98900,"120 15th St E APT 914, Tuscaloosa, AL 35401",1,1,708,Condominium,1990,University,33.2010769708919,-87.535060288466,30
2020-10-03T00:00:00Z,75000,"1901 5th Ave E UNIT 1315, Tuscaloosa, AL 35401",2,2,1044,Condominium,2007,Forest Lake,33.1936425914739,-87.5297446154523,13
2020-09-30T00:00:00Z,75000,"901 Hargrove Rd APT 13D, Tuscaloosa, AL 35401",2,2,710,Condominium,1950,35401,33.1927747852505,-87.5500475173018,70
2020-09-30T00:00:00Z,375000,"1415 22nd Ave, Tuscaloosa, AL 35401",3,3,1703,Townhouse,2020,South 22nd,33.2014966018694,-87.561524988466,0
2020-09-30T00:00:00Z,153000,"600 13th St E APT 324, Tuscaloosa, AL 35401",2,2,950,Condominium,2006,University,33.2016292051909,-87.5274270731234,14
2020-09-29T00:00:00Z,139900,"1901 5th Ave BUILDING 2-2213, Tuscaloosa, AL 35401",2,2,1044,Condominium,2007,Forest Lake,33.1931377058203,-87.5296344731235,13
2020-09-29T00:00:00Z,396900,"2208 11th St, Tuscaloosa, AL 35401",3,4,1836,Townhouse,2020,Greensboro/Bryant,33.2053158131304,-87.5638664461373,0
2020-09-29T00:00:00Z,296000,"700 15th St UNIT 1312, Tuscaloosa, AL 35401",3,3,1446,Condominium,2009,University,33.1998468395995,-87.5473174866165,11
2020-09-28T00:00:00Z,139900,"1901 5th Ave E UNIT 2213, Tuscaloosa, AL 35401",2,2,1044,Condominium,2007,Forest Lake,33.1936513696327,-87.5296509442879,13
2020-09-25T00:00:00Z,255000,"1015 14th Ave UNIT 3, Tuscaloosa, AL 35401",2,2,950,Condominium,1986,University,33.2063535869263,-87.5547810596303,34
2020-09-18T00:00:00Z,70000,"901 Hargrove Rd APT 6D, Tuscaloosa, AL 35401",2,2,900,Condominium,1950,35401,33.1927029592393,-87.5499616866166,70
2020-09-11T00:00:00Z,305000,"1510 9th St UNIT 205, Tuscaloosa, AL 35401",2,2,1025,Condominium,2009,University,33.2081456814123,-87.5575969326442,11
2020-09-10T00:00:00Z,495000,"1650 Jack Warner Pkwy UNIT 1102, Tuscaloosa, AL 35401",3,2,1414,Condominium,2012,University,33.2179294214563,-87.5588480442875,8
2020-09-04T00:00:00Z,513000,"1650 Jack Warner Pkwy UNIT 1202, Tuscaloosa, AL 35401",3,2,1414,Condominium,2012,University,33.2179306214534,-87.5587127866162,8
2020-09-03T00:00:00Z,210000,"600 13th St E APT 211, Tuscaloosa, AL 35401",3,3,1450,Condominium,2006,University,33.2017078465024,-87.5275554461373,14
2020-09-03T00:00:00Z,1260700,"1501 University Blvd #201, Tuscaloosa, AL 35401",3,3,1801,Condominium,2020,University,33.2114107841229,-87.5572975596302,0
2020-09-02T00:00:00Z,56500,"901 Hargrove Rd APT 12A, Tuscaloosa, AL 35401",2,2,710,Condominium,1950,35401,33.1926760244699,-87.5499295001096,70
2020-09-01T00:00:00Z,95500,"120 15th St E APT 213, Tuscaloosa, AL 35401",1,1,708,Condominium,1991,University,33.1999533189315,-87.535252674973,29
2020-08-31T00:00:00Z,620000,"1501 University Blvd #102, Tuscaloosa, AL 35401",2,2,1253,Condominium,2020,University,33.2114556657954,-87.5572546442876,0
2020-08-30T00:00:00Z,235000,"1100 14th Ave APT B6, Tuscaloosa, AL 35401",2,1,548,Condominium,1977,University,33.2054197739983,-87.5552527154521,43
2020-08-28T00:00:00Z,365000,"612 Red Drew Ave UNIT 7, Tuscaloosa, AL 35401",2,2,1071,Condominium,2001,University,33.2092399590666,-87.5548702019589,19
2020-08-19T00:00:00Z,137500,"120 15th St E APT 308, Tuscaloosa, AL 35401",2,2,1040,Condominium,1991,University,33.1999309066859,-87.5350716289451,29
2020-08-17T00:00:00Z,68000,"901 Hargrove Rd APT 23A, Tuscaloosa, AL 35401",2,2,710,Condominium,1950,35401,33.1927478505032,-87.5499724154522,70
2020-08-14T00:00:00Z,216900,"502 16th St APT 4, Tuscaloosa, AL 35401",3,3,1480,Townhouse,2009,Greater Alberta,33.1982269125178,-87.5418654289452,11
2020-08-13T00:00:00Z,146000,"120 15th St E APT 218, Tuscaloosa, AL 35401",2,2,1040,Condominium,1991,University,33.1998693089809,-87.5351453866165,29
2020-08-12T00:00:00Z,98000,"1747 Jack Warner Pkwy APT 311-A, Tuscaloosa, AL 35401",1,1,657,Condominium,1988,University,33.2155841307174,-87.5600502173014,32
2020-08-12T00:00:00Z,147900,"120 15th St E APT 411, Tuscaloosa, AL 35401",2,2,1040,Condominium,1991,University,33.2009623937765,-87.535632274973,29
2020-08-11T00:00:00Z,97500,"1813 Hackberry Ln APT 10, Tuscaloosa, AL 35401",2,2,894,Condominium,1985,Forest Lake,33.194853488122,-87.5426924866166,35
2020-08-11T00:00:00Z,175000,"1745 Jack Warner Pkwy APT D1, Tuscaloosa, AL 35401",3,2,1289,Condominium,1968,University,33.2161665361244,-87.5593510596301,52
2020-08-06T00:00:00Z,350000,"1409 22nd Ave, Tuscaloosa, AL 35401",3,3,1703,Townhouse,2019,South 22nd,33.2018328141132,-87.561672188466,1
2020-08-05T00:00:00Z,1035450,"510 13th St #302, Tuscaloosa, AL 35401",2,3,1593,Condominium,2018,University,33.2028125433305,-87.5432699154521,2
2020-08-05T00:00:00Z,1035100,"510 13th St #101, Tuscaloosa, AL 35401",2,3,1882,Condominium,2018,University,33.2027945888915,-87.5432591866164,2
2020-08-04T00:00:00Z,142000,"120 15th St E APT 802, Tuscaloosa, AL 35401",2,2,1040,Condominium,1991,University,33.2009996033984,-87.5351538154521,29
2020-08-04T00:00:00Z,142000,"120 15th St E, Tuscaloosa, AL 35401",2,2,1040,Condominium,1991,University,33.2009214390148,-87.5356125154521,29
2020-08-01T00:00:00Z,135000,"210 15th St E APT 44, Tuscaloosa, AL 35401",2,2,995,Condominium,1985,University,33.1989934451067,-87.5339265173017,35
2020-07-31T00:00:00Z,145000,"1901 5th Ave E UNIT 2108, Tuscaloosa, AL 35401",2,2,1044,Condominium,2007,Forest Lake,33.1936691005077,-87.5296971136027,13
2020-07-31T00:00:00Z,131500,"1901 5th Ave E, Tuscaloosa, AL 35401",2,2,1114,Condominium,2007,Forest Lake,33.1929131369783,-87.5296706461375,13
2020-07-31T00:00:00Z,182000,"600 13th St E APT 721, Tuscaloosa, AL 35401",3,3,1175,Condominium,2006,University,33.2017199785408,-87.5274213614799,14
2020-07-31T00:00:00Z,138000,"120 15th St E APT 916, Tuscaloosa, AL 35401",2,2,1040,Condominium,1991,University,33.2010388709974,-87.5350555307947,29
2020-07-30T00:00:00Z,131500,"1901 5th Ave E UNIT 3105, Tuscaloosa, AL 35401",2,2,1044,Condominium,2007,Forest Lake,33.1937423130251,-87.5294313866166,13
2020-07-30T00:00:00Z,150000,"1901 5th Ave E UNIT 3317, Tuscaloosa, AL 35401",2,2,1112,Condominium,2007,Forest Lake,33.1936746913851,-87.5295166461374,13
2020-07-30T00:00:00Z,89000,"120 15th St E APT 912, Tuscaloosa, AL 35401",1,1,708,Condominium,1996,University,33.2009859034405,-87.5350975442878,24
2020-07-27T00:00:00Z,98000,"1747 Jack Warner Pkwy APT 307-A, Tuscaloosa, AL 35401",1,1,657,Condominium,1988,University,33.2155931066257,-87.5599322001093,32
2020-07-27T00:00:00Z,95000,"120 15th St E APT 222, Tuscaloosa, AL 35401",1,1,708,Condominium,1991,University,33.1997429092531,-87.5352763326443,29
2020-07-23T00:00:00Z,140000,"120 15th St E APT 824, Tuscaloosa, AL 35401",2,2,1040,Condominium,1991,University,33.2009798260255,-87.5352030461374,29
2020-07-17T00:00:00Z,172500,"1901 5th Ave E UNIT 1207, Tuscaloosa, AL 35401",3,3,1336,Condominium,2007,Forest Lake,33.1937053567728,-87.5298509307949,13
2020-07-16T00:00:00Z,95000,"120 15th St E APT 913, Tuscaloosa, AL 35401",1,1,708,Condominium,1991,University,33.2010713934858,-87.5349693289452,29
2020-07-15T00:00:00Z,162000,"1901 5th Ave E UNIT 3327, Tuscaloosa, AL 35401",3,3,1336,Condominium,2007,Forest Lake,33.1935874698163,-87.5295058173018,13
2020-07-10T00:00:00Z,245000,"712 Frank Thomas Ave APT 303, Tuscaloosa, AL 35401",1,2,791,Condominium,2001,University,33.2089763490183,-87.5536404461372,19
2020-07-10T00:00:00Z,281000,"1401 Cloverdale Rd, Tuscaloosa, AL 35401",3,3,1480,Townhouse,2013,University,33.1997828418171,-87.5396423731234,7
2020-07-07T00:00:00Z,322525,"700 15th St UNIT 2403, Tuscaloosa, AL 35401",2,2,1478,Condominium,2009,University,33.200771323774,-87.5468590866165,11
2020-07-01T00:00:00Z,83000,"901 Hargrove Rd APT 3D, Tuscaloosa, AL 35401",2,2,710,Condominium,1950,35401,33.1927209157476,-87.5499402289453,70
2020-06-30T00:00:00Z,140000,"120 15th St E APT 416, Tuscaloosa, AL 35401",2,2,1040,Condominium,1991,University,33.2010488258202,-87.5355233866164,29
2020-06-26T00:00:00Z,92700,"1901 5th Ave E UNIT 2320, Tuscaloosa, AL 35401",1,1,733,Condominium,2007,Forest Lake,33.1936162697334,-87.5296520884662,13
2020-06-25T00:00:00Z,460000,"712 Frank Thomas Ave APT 206, Tuscaloosa, AL 35401",2,2,1088,Condominium,2001,University,33.2089782191835,-87.5535331577807,19
2020-06-25T00:00:00Z,464000,"1155 12th St UNIT 310, Tuscaloosa, AL 35401",2,2,1290,Condominium,2007,University,33.2038599631863,-87.5528437577807,13
2020-06-23T00:00:00Z,149900,"1901 5th Ave E UNIT 3215, Tuscaloosa, AL 35401",2,2,1044,Condominium,2007,Forest Lake,33.1936420914753,-87.5294939442879,13
2020-06-15T00:00:00Z,97000,"1901 5th Ave E UNIT 1310, Tuscaloosa, AL 35401",1,1,733,Condominium,2007,Forest Lake,33.193775316496,-87.5298260596305,13
2020-06-12T00:00:00Z,112000,"1747 Jack Warner Pkwy APT 208-B, Tuscaloosa, AL 35401",2,2,1014,Condominium,1988,University,33.215620034345,-87.5599643866162,32
2020-06-11T00:00:00Z,64000,"901 Hargrove Rd APT 17A, Tuscaloosa, AL 35401",2,2,710,Condominium,1950,35401,33.1926850027273,-87.5499402289453,70
2020-06-11T00:00:00Z,164900,"1901 5th Ave E UNIT 3320, Tuscaloosa, AL 35401",3,3,1336,Condominium,2007,Forest Lake,33.193574066168,-87.5294844596305,13
2020-06-11T00:00:00Z,160000,"1747 Jack Warner Pkwy APT 201-B, Tuscaloosa, AL 35401",2,2,1014,Condominium,1988,University,33.2155212993336,-87.5600073019588,32
2020-06-10T00:00:00Z,148000,"120 15th St E APT 105, Tuscaloosa, AL 35401",2,2,1040,Condominium,1991,University,33.1999417515732,-87.5353773884661,29
2020-06-09T00:00:00Z,127000,"210 15th St E APT 58, Tuscaloosa, AL 35401",2,2,995,Condominium,1985,University,33.1990374779013,-87.5338050461374,35
2020-06-05T00:00:00Z,148900,"14 Brook Meadows Cir, Tuscaloosa, AL 35401",3,2,1560,Townhouse,1999,35401,33.1872582514714,-87.5310488596306,21
2020-06-05T00:00:00Z,245000,"700 15th St UNIT 3104, Tuscaloosa, AL 35401",2,2,1138,Condominium,2009,University,33.1998579967209,-87.5467821596304,11
2020-06-01T00:00:00Z,135000,"1901 5th Ave E UNIT 2117, Tuscaloosa, AL 35401",2,2,1044,Condominium,2007,Forest Lake,33.1935913006831,-87.5296923154523,13
2020-05-29T00:00:00Z,98500,"1747 Jack Warner Pkwy APT 105-A, Tuscaloosa, AL 35401",1,1,657,Apartment,1988,University,33.215602082533,-87.5599965731232,32
2020-05-29T00:00:00Z,225000,"1155 12th St UNIT 105, Tuscaloosa, AL 35401",1,1,830,Condominium,2007,University,33.2038483089459,-87.5530639307947,13
2020-05-28T00:00:00Z,93500,"120 15th St E APT 219, Tuscaloosa, AL 35401",1,1,708,Condominium,1991,University,33.1999225516284,-87.5352634038086,29
2020-05-28T00:00:00Z,379000,"1401 6th St UNIT 1D, Tuscaloosa, AL 35401",2,2,1243,Condominium,2010,University,33.2103760569136,-87.555223842438,10
2020-05-27T00:00:00Z,145000,"120 15th St E APT 516, Tuscaloosa, AL 35401",2,2,1040,Condominium,1991,University,33.2011195675645,-87.5353680866164,29
2020-05-26T00:00:00Z,225000,"1100 14th Ave APT B5 Tuscaloosa, AL 35401",2,2,1096,Townhouse,1977,University,33.2054743587159,-87.5553492749729,43
2020-05-21T00:00:00Z,150000,"1600 11th St, Tuscaloosa, AL 35401",1,1,1192,Apartment,1960,University,33.2058011808744,-87.5587392461372,60
2020-05-13T00:00:00Z,150900,"1745 Jack Warner Pkwy APT C23, Tuscaloosa, AL 35401",2,2,973,Condominium,1968,University,33.2160193018492,-87.5593541154519,52
2020-05-13T00:00:00Z,90000,"120 15th St E APT 304, Tuscaloosa, AL 35401",1,1,708,Condominium,1991,University,33.1999065639743,-87.5351467307947,29
2020-05-12T00:00:00Z,242500,"700 15th St UNIT 3405, Tuscaloosa, AL 35401",2,2,1037,Condominium,2009,University,33.1999139393724,-87.5466454731234,11
2020-05-08T00:00:00Z,330000,"801 Red Drew Ave APT 2, Tuscaloosa, AL 35401",2,3,1160,Townhouse,2006,University,33.2085730334102,-87.554273928945,14
2020-05-07T00:00:00Z,172000,"1901 5th Ave E UNIT 1324, Tuscaloosa, AL 35401",3,3,1336,Condominium,2007,Forest Lake,33.1935598135114,-87.5297982596305,13
2020-05-02T00:00:00Z,175000,"410 29th Pl, Tuscaloosa, AL 35401",1,1,480,Apartment,1970,35401,33.1840885595942,-87.5416415731237,50
2020-04-30T00:00:00Z,90000,"901 Hargrove Rd APT 25A, Tuscaloosa, AL 35401",2,2,710,Condominium,1950,35401,33.1927658070023,-87.5499295001096,70
2020-04-24T00:00:00Z,149000,"120 15th St E APT 208, Tuscaloosa, AL 35401",2,2,1040,Condominium,1991,University,33.1999129516559,-87.5352513307948,29
2020-04-17T00:00:00Z,70000,"901 Hargrove Rd APT 18B, Tuscaloosa, AL 35401",2,1,751,Condominium,1950,35401,33.1927388722523,-87.5499831442879,70
2020-04-17T00:00:00Z,169500,"1901 5th Ave E UNIT 3201, Tuscaloosa, AL 35401",3,3,1336,Condominium,2007,Forest Lake,33.193808047351,-87.5294527442879,13
2020-04-17T00:00:00Z,259000,"2150 3rd Ct APT 604, Tuscaloosa, AL 35401",3,3,1700,Condominium,2015,Forest Lake,33.1912640275098,-87.5407924884662,5
2020-04-17T00:00:00Z,264900,"2150 3rd Ct APT 102, Tuscaloosa, AL 35401",3,3,1700,Townhouse,2014,Forest Lake,33.1919181529701,-87.5403318289453,6
2020-04-17T00:00:00Z,310000,"801 Red Drew Ave APT 4, Tuscaloosa, AL 35401",2,2,1160,Townhouse,2006,University,33.2084730437676,-87.5543812173016,14
2020-04-02T00:00:00Z,285000,"1510 9th St UNIT 106, Tuscaloosa, AL 35401",2,2,1025,Condominium,2009,University,33.2080821213896,-87.5576787307945,11
2020-04-01T00:00:00Z,62000,"901 Hargrove Rd APT 2C, Tuscaloosa, AL 35401",2,1,546,Condominium,1950,35401,33.1926850027273,-87.5499831442879,70
2020-03-27T00:00:00Z,168000,"1901 5th Ave E UNIT 3220, Tuscaloosa, AL 35401",3,3,1336,Condominium,2007,Forest Lake,33.1935804570803,-87.5294509289453,13
2020-03-19T00:00:00Z,305453,"700 15th St UNIT 1103, Tuscaloosa, AL 35401",3,3,1315,Condominium,2009,University,33.1998742517672,-87.5473746731234,11
2020-03-12T00:00:00Z,225000,"1155 12th St UNIT 308, Tuscaloosa, AL 35401",1,1,830,Condominium,2007,University,33.2038330318487,-87.5528876731233,13
2020-03-11T00:00:00Z,149500,"1901 5th Ave E UNIT 2312, Tuscaloosa, AL 35401",2,2,1112,Condominium,2007,Forest Lake,33.193570466175,-87.5296414596305,13
2020-03-10T00:00:00Z,64000,"901 Hargrove Rd APT 15C, Tuscaloosa, AL 35401",2,1,546,Condominium,1950,35401,33.1927478505032,-87.5500046019592,70
2020-03-06T00:00:00Z,153000,"600 13th St E APT 426, Tuscaloosa, AL 35401",2,2,875,Condominium,2006,University,33.2016381825302,-87.5274321596304,14
2020-03-04T00:00:00Z,87000,"210 15th St E APT 8, Tuscaloosa, AL 35401",1,1,693,Condominium,1985,University,33.1993302293893,-87.533916474973,35
2020-03-04T00:00:00Z,480000,"1155 12th St UNIT 203, Tuscaloosa, AL 35401",2,1,1290,Condominium,2007,University,33.2038641631746,-87.5529902731234,13
2020-03-03T00:00:00Z,128500,"210 15th St E APT 33, Tuscaloosa, AL 35401",2,2,995,Condominium,1985,University,33.1991439553167,-87.5337269154522,35
2020-02-26T00:00:00Z,109000,"1747 Jack Warner Pkwy APT 210-B, Tuscaloosa, AL 35401",2,2,1014,Condominium,1988,University,33.2155661788981,-87.5600287596301,32
2020-02-20T00:00:00Z,450000,"1018 Hackberry Ln UNIT 212, Tuscaloosa, AL 35401",2,2,1227,Condominium,2008,University,33.2051552745952,-87.5435990749729,12
2020-02-13T00:00:00Z,147000,"1901 5th Ave E UNIT 2212, Tuscaloosa, AL 35401",2,2,1112,Condominium,2007,Forest Lake,33.193624435155,-87.5296616731236,13
2020-01-30T00:00:00Z,146900,"1901 5th Ave E UNIT 2314, Tuscaloosa, AL 35401",2,2,1044,Condominium,2007,Forest Lake,33.1936602477905,-87.5296521884662,13
2020-01-27T00:00:00Z,138000,"210 15th St E APT 53, Tuscaloosa, AL 35401",2,2,995,Condominium,1985,University,33.1992771415273,-87.5338124307947,35
2020-01-24T00:00:00Z,289900,"1510 9th St UNIT 109, Tuscaloosa, AL 35401",2,2,1025,Condominium,2009,University,33.2081924346591,-87.5576694461372,11
2020-01-21T00:00:00Z,230000,"1155 12th St UNIT 304, Tuscaloosa, AL 35401",1,1,830,Condominium,2007,University,33.2036943007435,-87.5528573424382,13
2020-01-17T00:00:00Z,90500,"120 15th St E APT 204, Tuscaloosa, AL 35401",1,1,708,Condominium,1996,University,33.1998885089396,-87.5352084154521,24
2019-12-31T00:00:00Z,147000,"120 15th St E APT 310, Tuscaloosa, AL 35401",2,2,1040,Condominium,1991,University,33.1998316845435,-87.5350953866165,28
2019-12-23T00:00:00Z,174000,"1901 5th Ave E UNIT 2216, Tuscaloosa, AL 35401",3,3,1336,Condominium,2007,Forest Lake,33.1936009006615,-87.5296936596305,12
2019-12-23T00:00:00Z,149250,"120 15th St E APT 117, Tuscaloosa, AL 35401",2,2,1040,Condominium,1991,University,33.199968684108,-87.5353680038087,28
2019-12-19T00:00:00Z,261500,"2150 3rd Ct APT 701, Tuscaloosa, AL 35401",3,3,1700,Condominium,2014,Forest Lake,33.1912603980681,-87.540482471274,5
2019-12-19T00:00:00Z,290000,"1100 14th Ave APT B1, Tuscaloosa, AL 35401",2,1,548,Condominium,1977,University,33.2055307124911,-87.5552206289451,42
2019-12-17T00:00:00Z,189500,"600 13th St E APT 533, Tuscaloosa, AL 35401",3,3,1175,Condominium,2006,University,33.2015289601478,-87.527362301959,13
2019-12-12T00:00:00Z,88750,"901 Hargrove Rd APT 24B, Tuscaloosa, AL 35401",2,2,751,Condominium,1950,35401,33.1927568287532,-87.5499509577809,69
2019-12-11T00:00:00Z,145500,"120 15th St E APT 505, Tuscaloosa, AL 35401",2,2,1040,Condominium,1991,University,33.2010228484692,-87.5355946884661,28
2019-12-11T00:00:00Z,125500,"210 15th St E APT 25, Tuscaloosa, AL 35401",2,2,995,Condominium,1985,University,33.19905408836,-87.5338144307947,34
2019-12-04T00:00:00Z,375000,"309 21st Ave UNIT 5, Tuscaloosa, AL 35401",4,2.25,1694,Condominium,2012,Queen City,33.2124603818616,-87.5645182731232,7
2019-12-03T00:00:00Z,170000,"1901 5th Ave E UNIT 1209, Tuscaloosa, AL 35401",3,3,1336,Condominium,2007,Forest Lake,33.1936861568201,-87.5297861866166,12
2019-12-03T00:00:00Z,295000,"700 15th St UNIT 1410, Tuscaloosa, AL 35401",3,3,1478,Condominium,2010,University,33.1997584092197,-87.5473188307948,9
2019-11-26T00:00:00Z,176000,"1901 5th Ave E UNIT 3212, Tuscaloosa, AL 35401",3,3,1336,Condominium,2007,Forest Lake,33.1936751132042,-87.5294102289453,12
2019-11-25T00:00:00Z,299999,"801 Red Drew Ave APT 3, Tuscaloosa, AL 35401",2,2,1160,Condominium,2006,University,33.2085095736522,-87.5543383019589,13
2019-11-20T00:00:00Z,215000,"1100 14th Ave APT A2, Tuscaloosa, AL 35401",2,2,1096,Townhouse,1977,University,33.2054852047491,-87.555305115452,42
