payment_id,invoice_applied1,invoice_applied2,invoice_applied3,invoice_applied4,invoice_applied5,invoice_applied6,invoice_applied7,invoice_applied8,invoice_applied9,invoice_applied10,invoice_applied11,invoice_applied12,invoice_applied13,invoice_applied14,invoice_applied15,invoice_applied16,invoice_applied17,invoice_applied18,invoice_applied19,invoice_applied20,invoice_applied21
00021bceddb950cec9410bfc2115cbf68a288385,427039,430060,421985,425114,428354,407496,400782,424016,426008,NA,NA,NA,NA,NA,NA,NA,NA,NA,NA,NA,NA
000b16ef770d25ca16db7e877238071a73497c84,426499,428189,429590,428498,422990,424943,426056,432430,430421,432710,NA,NA,NA,NA,NA,NA,NA,NA,NA,NA,NA
00348424d483d6e9e1831b864a60a8cdfa640b99,431764,421041,433256,407312,403812,396410,405359,NA,NA,NA,NA,NA,NA,NA,NA,NA,NA,NA,NA,NA,NA
0041947445cc2ef5b739b3f5c181a581f6fc4673,423355,428495,414346,424962,415957,428307,415293,419660,412234,NA,NA,NA,NA,NA,NA,NA,NA,NA,NA,NA,NA
011784831cfeba66ec4ae4328bcc5d59355b611a,431243,429476,420612,429212,430676,429490,423754,420566,432313,NA,NA,NA,NA,NA,NA,NA,NA,NA,NA,NA,NA
011f98bfaf5e315b8886c675ef715645561cea7d,432377,429270,427115,430547,409185,NA,NA,NA,NA,NA,NA,NA,NA,NA,NA,NA,NA,NA,NA,NA,NA
016b8ee80d40856e795b19de005b832c5d1f2cf8,421132,424266,425216,429460,430527,428066,412732,NA,NA,NA,NA,NA,NA,NA,NA,NA,NA,NA,NA,NA,NA
0186b341cfa20ba226bb84f1616f0534a4e9f65b,393979,390702,400988,415565,425414,428528,423034,410050,389599,411173,412516,407532,423111,420190,NA,NA,NA,NA,NA,NA,NA
021f9b7f0c901dab963b96ddf2e40711be0ba2c6,422923,429016,430280,432698,431309,431410,429449,428517,424946,431552,430187,422088,432149,430688,NA,NA,NA,NA,NA,NA,NA
026a39a380a9c2add23467bda73ae5cdd7d6654c,432394,421662,427444,430169,410082,431716,424844,421652,416937,410594,428010,425292,382065,399120,432203,NA,NA,NA,NA,NA,NA
02dca8ce0cb08e7687c79add8494ff81e32501bf,427994,431226,411442,431442,420551,427278,398961,425126,427925,410709,426867,431588,427212,NA,NA,NA,NA,NA,NA,NA,NA
030ba5747c77550ac5f711092bf2bb5bf09f685c,432356,423166,430669,425229,424949,421997,425038,NA,NA,NA,NA,NA,NA,NA,NA,NA,NA,NA,NA,NA,NA
03387a6e4acdf6b5e1a163f98ba50a79cec0d480,425073,412541,430262,409205,402995,407628,413455,430709,391274,419799,422727,388730,425238,408040,423173,423862,NA,NA,NA,NA,NA
033ebcfc85dea9cb52eab6f557d8f320ab310db5,421035,430104,420058,424394,399169,409064,427930,410311,432435,414598,NA,NA,NA,NA,NA,NA,NA,NA,NA,NA,NA
034056fb6bacfe44c4a21899ce99c9392a740874,433223,428510,413446,421775,414831,428422,421733,431106,428046,NA,NA,NA,NA,NA,NA,NA,NA,NA,NA,NA,NA
038aaf4bb9b7b8b002484b1685b3e3f461f84d30,426848,427035,409696,433382,420192,411230,430240,427490,422987,409702,431577,NA,NA,NA,NA,NA,NA,NA,NA,NA,NA
039940e173c018f2394fcb041ab7430e369d3677,426380,423880,433263,431211,402861,416343,424071,415966,419858,408188,NA,NA,NA,NA,NA,NA,NA,NA,NA,NA,NA
04bfb76fb8642661fd531fc020e35caef427b0ed,424954,430312,427967,425089,431653,417046,426114,420676,430039,426302,421669,426496,420870,419574,409225,NA,NA,NA,NA,NA,NA
053dafb649138b1a68824833699190d55ee89e91,407617,426255,430659,417510,411368,433207,413749,NA,NA,NA,NA,NA,NA,NA,NA,NA,NA,NA,NA,NA,NA
0617a13b98971bb0128b57f9e75bfc17d99eef17,431731,428040,422152,419179,430044,429239,433364,420143,428341,427547,403976,413617,NA,NA,NA,NA,NA,NA,NA,NA,NA
0655db3f058bd811316d4fc3efe2c73dcf86a0e9,427493,390204,432268,433192,425231,419525,419600,425118,415664,405400,424010,NA,NA,NA,NA,NA,NA,NA,NA,NA,NA
06b93e8288b3a981432256219cc4a145be507160,433243,433321,419125,421980,429557,420146,426202,432562,432640,NA,NA,NA,NA,NA,NA,NA,NA,NA,NA,NA,NA
06c94932691901caa8b9355f49103f60a20e82bc,430214,420618,422812,393275,430211,432256,424253,423331,417031,NA,NA,NA,NA,NA,NA,NA,NA,NA,NA,NA,NA
070228bb9a0590462471fd93d8e645114dde13d9,422861,432764,414392,413384,424855,414615,410536,423260,429455,NA,NA,NA,NA,NA,NA,NA,NA,NA,NA,NA,NA
0704a9f5c5011b6804fe85535cbc151492234f0d,407985,380704,428972,421806,432159,427031,423326,433218,419767,430067,422811,393313,NA,NA,NA,NA,NA,NA,NA,NA,NA
07743be1da295084f22f8fe1a3cc8cb648697078,389199,413268,414652,397993,431421,425410,429035,432801,428512,416470,394405,NA,NA,NA,NA,NA,NA,NA,NA,NA,NA
07c85cece138dd3cc92d084ca2edf719d0c64fca,431305,419504,422873,426319,417434,429404,425801,422335,427985,430259,NA,NA,NA,NA,NA,NA,NA,NA,NA,NA,NA
07f27d2eb83c07acc48624c62b35d27757a1412f,411296,431205,415982,416401,420626,410221,412630,394573,NA,NA,NA,NA,NA,NA,NA,NA,NA,NA,NA,NA,NA
0811a6fa58f31ca53736e7340f2480568b604a6b,419724,406240,432215,425182,421217,427334,430373,432363,430128,420554,430574,431723,425165,425478,NA,NA,NA,NA,NA,NA,NA
081569f13c1f4a1cff84b48b23b02989902a43ad,420187,413392,416872,417009,425259,421895,426955,423058,431185,420718,408228,431116,414448,405346,408086,433427,424982,NA,NA,NA,NA
088ac87c726db72028e1c32bd9b601d7e4de4415,425916,423046,431156,430389,430050,429570,430136,425230,422295,412617,432580,431248,432569,NA,NA,NA,NA,NA,NA,NA,NA
08a2b7b4f5025d8254819de7826796eddd24fa3b,418957,433169,430710,427337,426147,428073,430495,407030,426085,NA,NA,NA,NA,NA,NA,NA,NA,NA,NA,NA,NA
0a7e856c86e7ef81f68aab594ed06cd13a5ed427,420670,429227,430002,420573,427017,401248,405189,433188,425009,408550,NA,NA,NA,NA,NA,NA,NA,NA,NA,NA,NA
0ab87132371748177fa2f9eb7da7166f8c34c401,410747,432118,422889,429298,432328,424408,399540,416877,429256,429554,429609,NA,NA,NA,NA,NA,NA,NA,NA,NA,NA
0ac427b0b72ac235393ccc2a0b50bb5d03d791c5,412614,414944,425063,420569,413531,422703,420020,404984,382787,404043,406979,NA,NA,NA,NA,NA,NA,NA,NA,NA,NA
0c04eee567a8e83f6cbc3fb7941b65450dd22f45,421768,431553,418867,416434,411186,432248,432689,432134,432254,NA,NA,NA,NA,NA,NA,NA,NA,NA,NA,NA,NA
0c84afe619efa861963ef40a8a55063a41da7ac8,422186,426845,427052,428595,429385,414383,429099,426935,430394,424818,424119,415617,421781,413788,432258,NA,NA,NA,NA,NA,NA
0ced36675919e5ed849060db0c1e479a7d76580b,433257,426946,419013,425368,431529,422704,NA,NA,NA,NA,NA,NA,NA,NA,NA,NA,NA,NA,NA,NA,NA
0dcf16678b9de3d36dbfe78e4a119bf0cc64efe9,431104,414294,402287,405110,427098,426996,422697,424037,428567,407595,420751,424090,424399,NA,NA,NA,NA,NA,NA,NA,NA
0dd5c412e8d4e97221c7754fb7f3391af8dfc26d,429068,432250,427902,432337,429048,430073,429418,431587,407143,426340,NA,NA,NA,NA,NA,NA,NA,NA,NA,NA,NA
0e1ad6a69a333f2252bcdcc1772bd1553a27fbab,373675,399571,402842,415725,404861,405207,361089,400182,423278,NA,NA,NA,NA,NA,NA,NA,NA,NA,NA,NA,NA
0e6417bc764e6cb4b8ffb89cd7625a7e5682873d,424789,422717,427208,433378,432247,421651,425039,430064,424129,NA,NA,NA,NA,NA,NA,NA,NA,NA,NA,NA,NA
0f860f59ec91909e700a9da23bee4f66cd98aeb7,432410,407099,418468,429650,413516,412613,429280,422280,419108,431775,428106,431206,NA,NA,NA,NA,NA,NA,NA,NA,NA
0fadb431738a2f9cf835b3807e5d148c782bb52f,410744,406056,427308,411820,422688,367205,381897,385042,407168,NA,NA,NA,NA,NA,NA,NA,NA,NA,NA,NA,NA
10bfad9eb42a2d1f5e6561341b908d82d412678e,432589,426133,431181,431644,424001,432724,432282,421754,431460,NA,NA,NA,NA,NA,NA,NA,NA,NA,NA,NA,NA
10d15c27d6034a871f5eff6a4b5d985b83f7f55d,431620,430550,415596,424214,428437,431670,430660,428051,433428,426465,NA,NA,NA,NA,NA,NA,NA,NA,NA,NA,NA
11411a4e6303c5d08dd3ed4b482d2774a93322cd,433271,429424,424146,428436,426247,427131,433285,430026,426431,NA,NA,NA,NA,NA,NA,NA,NA,NA,NA,NA,NA
12043aec2584c69e09c11790130b6d28e2c4f147,422788,431320,420902,433396,429360,429301,431534,426909,418477,431453,431237,NA,NA,NA,NA,NA,NA,NA,NA,NA,NA
12308a98bfe3bb8a3dcac2a478330ba85219cb86,417911,415775,416381,431108,382316,431265,415507,416849,418853,432665,NA,NA,NA,NA,NA,NA,NA,NA,NA,NA,NA
1272f1223bd00ba6cc1926e63c07d488551a80dd,422797,428446,428364,422979,430345,422012,428059,NA,NA,NA,NA,NA,NA,NA,NA,NA,NA,NA,NA,NA,NA
12d94b9ca8968cb850654c770c2f1b15bce329c1,420851,401065,419686,417692,421071,420205,400130,418624,422167,426009,NA,NA,NA,NA,NA,NA,NA,NA,NA,NA,NA
12fbb07c42c860070f5382c395df3a7713e41f7b,422920,416694,378024,403404,420768,426369,415544,NA,NA,NA,NA,NA,NA,NA,NA,NA,NA,NA,NA,NA,NA
13113cc27eacdb8292bbc2e5f2e5b8b75d758f89,431778,423372,429623,420781,430344,432232,432474,422053,431358,420708,431404,421066,424779,428191,NA,NA,NA,NA,NA,NA,NA
13402af1507358796814914f6be45095c4424902,413292,430144,433418,418940,425830,421203,414485,421016,433292,419151,426871,431695,430013,420832,NA,NA,NA,NA,NA,NA,NA
139df2c258bca70732a43f77ee6ea7c491af8800,429539,431701,431198,420110,NA,NA,NA,NA,NA,NA,NA,NA,NA,NA,NA,NA,NA,NA,NA,NA,NA
147ab1459674d9ef5e1bd5fb5aa917fccb06e777,412808,411327,424909,428618,395513,400904,430551,421095,433160,428954,431562,NA,NA,NA,NA,NA,NA,NA,NA,NA,NA
150e1357feedf874eac398d1864bfaad416cd4b4,425810,432294,425078,430113,427130,433242,430646,NA,NA,NA,NA,NA,NA,NA,NA,NA,NA,NA,NA,NA,NA
1577cbfd64a54d88b523d91d06b050f0f2412b10,412427,429378,422952,412157,430364,426498,NA,NA,NA,NA,NA,NA,NA,NA,NA,NA,NA,NA,NA,NA,NA
15caca1d4ff497071dddb11686670ff055845466,425358,431551,424076,422260,432747,429412,432182,426993,432314,429365,NA,NA,NA,NA,NA,NA,NA,NA,NA,NA,NA
168dfc4538a2d340edabf7ae26fa5b0a9e27d0ec,428478,420627,428486,432749,426219,430272,423241,432409,421160,420051,418647,430065,433231,431473,419166,NA,NA,NA,NA,NA,NA
16c5d938130cdae60c80bf9364e2155b92fd1c5f,426929,417634,430390,427514,431377,429569,426502,426027,431254,432456,418792,425249,432171,NA,NA,NA,NA,NA,NA,NA,NA
16c7e2447277010f0b2b242e2cb949d2977fdb20,421621,425425,422656,424397,429253,429105,422854,431643,421107,430590,427587,419800,NA,NA,NA,NA,NA,NA,NA,NA,NA
17168139d7e866ca41190bd626ed47e786e6f505,423184,426982,430014,429420,421270,431662,426328,427331,433385,427171,430354,NA,NA,NA,NA,NA,NA,NA,NA,NA,NA
182ba25041e4b736d7716fc5d4c06d1003c33d36,420687,430606,427074,389538,420197,421072,423930,420060,413360,397973,421614,415869,NA,NA,NA,NA,NA,NA,NA,NA,NA
188dc12c79e8fd9a7ef636d170a1fe9be66ed341,424429,410382,417404,432187,420216,419145,430175,426095,NA,NA,NA,NA,NA,NA,NA,NA,NA,NA,NA,NA,NA
18c5b9bb0fe2513cda5cca379259123c3ded2b53,430003,432672,424025,429336,430265,433426,400887,422777,427190,430496,432582,432105,428975,425851,NA,NA,NA,NA,NA,NA,NA
1971051c8d82623aa14ba58c3ee748905b2b20f8,426960,431554,428375,433167,427457,427233,NA,NA,NA,NA,NA,NA,NA,NA,NA,NA,NA,NA,NA,NA,NA
19e1e43d990c9b937cd7b18351152017dd813ac9,421065,427949,401057,425088,414739,400744,407071,424782,422314,406107,410225,417054,396952,NA,NA,NA,NA,NA,NA,NA,NA
1a0191764915e39e7f7f983ad9b4ce586f572086,431628,432224,414837,423841,426276,423088,428481,428976,405008,NA,NA,NA,NA,NA,NA,NA,NA,NA,NA,NA,NA
1a37005e8b022450d7b07159be683b765aebb3a9,415646,432198,415521,404404,409610,394341,394952,431614,411588,417052,413529,NA,NA,NA,NA,NA,NA,NA,NA,NA,NA
1b3e31868aab2bffd610bcc9f64e7d177704ad60,414396,423076,428160,424005,420102,411477,411495,NA,NA,NA,NA,NA,NA,NA,NA,NA,NA,NA,NA,NA,NA
1b7e89a129b09941f69c1e5df6dd63d8d67b6778,415352,421946,414456,431623,431543,427973,426246,412429,414262,433384,NA,NA,NA,NA,NA,NA,NA,NA,NA,NA,NA
1b9a4f7cef322544610418c72e6a1a884281e9a3,430024,433153,428220,430513,NA,NA,NA,NA,NA,NA,NA,NA,NA,NA,NA,NA,NA,NA,NA,NA,NA
1c77772d27de6c8be5ffb65eb00b9ef4a72285ae,415437,433357,419694,426143,430336,410437,423370,430164,409382,419934,432421,432228,432702,401088,429056,430051,408624,418950,404448,NA,NA
1d3db5cc9063a234b770258bc22334ff2a80bfb1,428237,429260,431054,432144,425032,413553,432721,423085,423976,429078,433170,NA,NA,NA,NA,NA,NA,NA,NA,NA,NA
1d87960289dbf4eb50240becd25d743d8ee36d6b,427360,430236,424286,423185,428601,424237,433339,424933,431182,418537,412470,424240,415853,425286,NA,NA,NA,NA,NA,NA,NA
1e5935e0eb9bf5c5b89c266dc95482291c9e00c7,397932,422031,409168,421871,422134,418921,NA,NA,NA,NA,NA,NA,NA,NA,NA,NA,NA,NA,NA,NA,NA
1e6c05d54d8de88a9ef2c053b0681606c253e804,427253,427948,426385,419795,422766,402949,420625,NA,NA,NA,NA,NA,NA,NA,NA,NA,NA,NA,NA,NA,NA
1efc39595bf0acf1cf799efdf299d315ff68e5b4,429059,408306,428627,429219,425066,432378,422871,NA,NA,NA,NA,NA,NA,NA,NA,NA,NA,NA,NA,NA,NA
1f6a82cd357e47a40aa379c09e9866a8735fe4e9,391390,417840,411708,409193,405367,428633,395665,392737,403974,NA,NA,NA,NA,NA,NA,NA,NA,NA,NA,NA,NA
1f8ffa24f20778353176aff1fc301c6447c9be98,412378,419958,424139,431708,430055,431193,430399,NA,NA,NA,NA,NA,NA,NA,NA,NA,NA,NA,NA,NA,NA
1fea2a4c9de414649f59ecfdfadf0e5374a5f0f5,427508,409316,423850,404053,431304,416697,428118,420021,432418,421770,NA,NA,NA,NA,NA,NA,NA,NA,NA,NA,NA
2069378b58ecee84676dbe4f6cbdce1dbf435d19,394927,389464,387500,428320,NA,NA,NA,NA,NA,NA,NA,NA,NA,NA,NA,NA,NA,NA,NA,NA,NA
20942ec8e27409aa6a3225c1796a7be854375ee4,432803,420707,432386,433199,427005,431158,429051,392257,428258,418480,NA,NA,NA,NA,NA,NA,NA,NA,NA,NA,NA
20b60142d736d271e9c5f727987f236d33c0d4ae,422329,430378,429342,433189,424890,413528,432664,422174,427050,NA,NA,NA,NA,NA,NA,NA,NA,NA,NA,NA,NA
2156e0225d1e75cbe9cbc23710255ced082c90a7,407170,429116,431430,433216,431194,NA,NA,NA,NA,NA,NA,NA,NA,NA,NA,NA,NA,NA,NA,NA,NA
21bc2d3872197c79ce952eba7913333ceab7141b,412786,414403,421146,417447,431470,410279,423265,432108,429146,408654,NA,NA,NA,NA,NA,NA,NA,NA,NA,NA,NA
21d506aee02baf4db3eb7c6e1b82c65a122ab0e7,416974,427236,417010,430363,427252,421875,NA,NA,NA,NA,NA,NA,NA,NA,NA,NA,NA,NA,NA,NA,NA
21dac4658be2ab9c229543b58b739305ff56be6d,425219,431346,427018,428515,422971,418683,430577,431048,410596,NA,NA,NA,NA,NA,NA,NA,NA,NA,NA,NA,NA
2213e2028030be89f8665ce70be26b9418c51260,426353,426025,432826,399545,425112,431454,426336,404351,406469,426251,427032,NA,NA,NA,NA,NA,NA,NA,NA,NA,NA
221748db6f01e7accb3c94e35de452c626ef989f,430287,406548,424289,399797,412861,430682,NA,NA,NA,NA,NA,NA,NA,NA,NA,NA,NA,NA,NA,NA,NA
22b2b76af8490eeef2e17e5449007883db46542d,428630,425917,419070,431613,425008,432603,427950,NA,NA,NA,NA,NA,NA,NA,NA,NA,NA,NA,NA,NA,NA
22df4b23760aece6407cd7582aedb4d700db38b6,426245,430317,433150,429430,NA,NA,NA,NA,NA,NA,NA,NA,NA,NA,NA,NA,NA,NA,NA,NA,NA
2386df999e592424e3567e6becad2d11cb7b821a,433254,427051,421115,432593,429015,426306,428431,422177,417984,430106,NA,NA,NA,NA,NA,NA,NA,NA,NA,NA,NA
23b8a053db912141f32abc2ca6a62d5beeaf459b,429635,431698,409656,426148,419597,422107,412647,431299,402030,432265,425921,NA,NA,NA,NA,NA,NA,NA,NA,NA,NA
240fb31bf75523c250baf2873ea0471a913af55f,422024,432599,422790,431497,428239,417454,412648,418789,426884,430685,422097,428527,422681,427207,431099,408162,428324,NA,NA,NA,NA
24254fd16d881d1526d0db304e9e0eada33390a6,427273,426979,427326,430703,425459,NA,NA,NA,NA,NA,NA,NA,NA,NA,NA,NA,NA,NA,NA,NA,NA
2475049ef376057aab63c8cd664d2f960e3355d5,401963,400028,428410,428532,403165,433288,387133,431253,432701,409360,416820,419876,392548,422108,426356,NA,NA,NA,NA,NA,NA
24d19a3470f2989e7ddd5779fadb381ec99a5e5d,409080,416772,424248,423988,431702,422145,418682,426068,422249,423951,420722,417443,NA,NA,NA,NA,NA,NA,NA,NA,NA
24e4dcc2374bef37218eb5ab4f8c77657de2da39,423913,427320,413728,431656,430707,423849,430346,407552,423876,431515,431436,NA,NA,NA,NA,NA,NA,NA,NA,NA,NA
24ee71f3a8fd237f62a3b830ca73a900051a2503,423785,423279,422197,433410,423161,433190,420649,433359,421017,422744,NA,NA,NA,NA,NA,NA,NA,NA,NA,NA,NA
2548aece6c6a9a29217cc6ac0dbd7218815f20db,427980,431603,424015,432521,429322,431134,430522,431694,427191,NA,NA,NA,NA,NA,NA,NA,NA,NA,NA,NA,NA
261f227e50dc41e16dbf17be03ea3efd59cdddc8,424135,417995,429514,424259,425832,426371,417864,416468,428292,414283,431432,NA,NA,NA,NA,NA,NA,NA,NA,NA,NA
262c9cd4e20e11abc458d59a833fdd4b3b5d43e1,423902,416863,432479,409246,416373,426262,421283,404387,422735,411702,400279,430009,411099,NA,NA,NA,NA,NA,NA,NA,NA
2633934018ace3651618c10269f478d9165b0772,409420,421112,426940,426278,429171,427232,404211,413479,430074,NA,NA,NA,NA,NA,NA,NA,NA,NA,NA,NA,NA
267f938cdb58e8c0631fba7b3595ec350fd29596,426536,425905,427905,429595,430102,419674,423743,428006,428603,427023,420224,403325,428516,NA,NA,NA,NA,NA,NA,NA,NA
26ce128ca5d62715cf9471a64c38fb5555a97bd0,415969,422785,422102,412496,421273,417005,417004,432381,399942,412443,420595,421062,NA,NA,NA,NA,NA,NA,NA,NA,NA
26df737f31d339fd6f381bdf38be042667d381cb,431533,425926,426236,433159,426475,429394,428606,NA,NA,NA,NA,NA,NA,NA,NA,NA,NA,NA,NA,NA,NA
270dfd50877ac709ffa26686090c3b3be17af17e,430165,410080,411390,404436,429502,425005,433391,428461,420948,423721,NA,NA,NA,NA,NA,NA,NA,NA,NA,NA,NA
274246f2bfae7e1a3fcf2ffb9133f5b0463c1b13,424260,431673,432461,426347,426264,406586,432214,432245,NA,NA,NA,NA,NA,NA,NA,NA,NA,NA,NA,NA,NA
2779dc14607d9e58de94c2e4c22069389b003a6a,405158,416578,425483,409467,415361,395398,399863,389528,402375,NA,NA,NA,NA,NA,NA,NA,NA,NA,NA,NA,NA
277d7d4fff1e4dd6f072f999a85f6381125b17db,410088,425848,420753,417996,406583,413726,388510,431183,413466,418472,398921,NA,NA,NA,NA,NA,NA,NA,NA,NA,NA
27853dc0bcf8f13aa826b68e562f900750fd855a,415537,425280,431714,415386,427231,414632,406044,430414,426360,432488,NA,NA,NA,NA,NA,NA,NA,NA,NA,NA,NA
28233ac6e983ac87a96158584497aa9af08ff1ce,431722,414563,415543,427027,426180,403946,428068,NA,NA,NA,NA,NA,NA,NA,NA,NA,NA,NA,NA,NA,NA
28c15f3753f9d3d90a5d240899b63997fd7cf2fa,431427,422933,427369,424077,425826,419089,428487,428061,424197,NA,NA,NA,NA,NA,NA,NA,NA,NA,NA,NA,NA
28e30b96a3ce0592fd5ee2770e2dc029e3ef5738,411468,431347,413586,419960,420048,423350,421056,426086,433227,NA,NA,NA,NA,NA,NA,NA,NA,NA,NA,NA,NA
2909dcddf3964b92c5fa9eaa3fe485541b25f0a1,420863,415531,405477,417055,432608,415993,NA,NA,NA,NA,NA,NA,NA,NA,NA,NA,NA,NA,NA,NA,NA
291551f6f7aa1fc1e5a5fd8a223bd3322d618bd5,431784,430294,414774,427953,428064,429577,425821,429537,432143,422248,NA,NA,NA,NA,NA,NA,NA,NA,NA,NA,NA
299f6f59f2d4c039215e4eac0e7fe18c30675ae5,423287,424310,427141,428994,416987,414751,416483,432614,432455,431483,426460,428419,429357,NA,NA,NA,NA,NA,NA,NA,NA
2a27091f6c75d55bbb9781f2db37d1fea2116981,420674,413198,427486,432162,423385,427045,416718,408302,433249,427361,NA,NA,NA,NA,NA,NA,NA,NA,NA,NA,NA
2a3da31f71f67c11c5535d7f25e9e058c6c3e872,426064,428293,430566,405155,427432,385979,430226,428110,NA,NA,NA,NA,NA,NA,NA,NA,NA,NA,NA,NA,NA
2a58b744337cd9e594fa30e74db9d818f62201ad,427177,425350,431514,429459,422968,416384,424227,422325,432263,414441,NA,NA,NA,NA,NA,NA,NA,NA,NA,NA,NA
2aa29caa42c7ad0ba64c830f8b652fec0b9cc056,425316,424048,420844,433412,408405,432647,428071,414289,433351,427046,394594,NA,NA,NA,NA,NA,NA,NA,NA,NA,NA
2b126295415565fb015d9ed217c69271da05285a,430058,420604,415929,408387,432533,418011,418737,431531,NA,NA,NA,NA,NA,NA,NA,NA,NA,NA,NA,NA,NA
2b3498f310b3de278f111273ccdbea9c12996415,398513,414631,423178,415722,427990,413933,431155,NA,NA,NA,NA,NA,NA,NA,NA,NA,NA,NA,NA,NA,NA
2b58ebf5491631fa5ebd0635365a315d9bc8bcc6,406233,422215,414728,429140,413432,433299,423116,431200,NA,NA,NA,NA,NA,NA,NA,NA,NA,NA,NA,NA,NA
2b6695b244ff0cbbdb03a17eac32cf53fb4d828f,422977,426100,431486,422289,NA,NA,NA,NA,NA,NA,NA,NA,NA,NA,NA,NA,NA,NA,NA,NA,NA
2b6aa7c13536686eae745c84a3f3ae56cbf9366f,425100,425833,429285,415631,428190,432729,428089,413333,432493,392708,431318,NA,NA,NA,NA,NA,NA,NA,NA,NA,NA
2be0d3da9edf9294d9a09a4f0fffc34f71258ad5,423220,428560,428360,432661,405913,412271,411350,425291,407945,422846,417830,433233,NA,NA,NA,NA,NA,NA,NA,NA,NA
2c6f575ff5bb8b614a2b2aabbcd51e455ce9aaf4,432426,430536,425965,432131,431055,429643,423290,423387,427576,431371,432477,430124,427203,430001,423810,NA,NA,NA,NA,NA,NA
2ca3cc1adab93f2df7d61a5035b9959e4fd6b642,413564,423189,431249,414946,422820,429426,NA,NA,NA,NA,NA,NA,NA,NA,NA,NA,NA,NA,NA,NA,NA
2d7dcacbc4a9ee664195516e062aaef1965c10c0,421252,420891,424926,413891,408668,422124,408107,398877,404431,426419,394329,NA,NA,NA,NA,NA,NA,NA,NA,NA,NA
2d893fb8ec3aede6340036766677027d6da8ffcd,412844,423944,396800,421620,403281,432132,411736,409561,430143,NA,NA,NA,NA,NA,NA,NA,NA,NA,NA,NA,NA
2dbe7359df7707d2fffafce2ca56c5097574119b,432612,429275,NA,NA,NA,NA,NA,NA,NA,NA,NA,NA,NA,NA,NA,NA,NA,NA,NA,NA,NA
2e8afcd31f6eb10dd0746bdd0bd74b52848d383e,431354,432181,420577,432432,432290,426961,433219,430673,426952,NA,NA,NA,NA,NA,NA,NA,NA,NA,NA,NA,NA
2e91c64ea19370cbac592fe6f05651b91365a512,413226,432437,422696,423164,416374,425807,429680,430186,416433,NA,NA,NA,NA,NA,NA,NA,NA,NA,NA,NA,NA
2ed0b35986d27630746dd574f6e284a1510f939d,430197,420574,423282,414564,426346,423793,425027,414602,NA,NA,NA,NA,NA,NA,NA,NA,NA,NA,NA,NA,NA
2ef7e281e457ba0a0f3eb8b5f176fcf67d521be7,427117,410506,416959,432439,423048,431146,419682,426150,423179,424125,431398,429452,432450,433367,419838,430189,422693,422813,413487,NA,NA
2f3760aa3d90038f4524fc88db386925e232f20d,423092,432655,413577,431675,428194,425115,423097,422247,428279,NA,NA,NA,NA,NA,NA,NA,NA,NA,NA,NA,NA
2f3bdc357fba21875b666ee4deffc65d59dbd6d8,432825,425986,432194,433363,425227,NA,NA,NA,NA,NA,NA,NA,NA,NA,NA,NA,NA,NA,NA,NA,NA
2f6005d769cd8e3bd0358e233428009360cad9b8,417887,428265,415563,412686,426231,426292,419655,432285,419964,429135,411835,426892,424940,416995,NA,NA,NA,NA,NA,NA,NA
2f7aa751ff6b532ba3451a236eaedd67a0440ab3,433373,426503,431503,415710,426936,425102,433310,431685,430453,429567,NA,NA,NA,NA,NA,NA,NA,NA,NA,NA,NA
2fe5917538e9da9f8bba9cc606a7ba45b652e156,423180,422750,432699,410316,425811,418644,411094,432334,425057,417557,432828,431707,420654,NA,NA,NA,NA,NA,NA,NA,NA
3096f597b3ce5902280fcdb7b6d1d7196cd86045,413444,421008,431067,428140,431268,431429,411191,423102,433154,424046,NA,NA,NA,NA,NA,NA,NA,NA,NA,NA,NA
30f6f2ce6804c7bc2cde49a64361535c036bf58c,419950,424339,430230,432650,424428,428390,428496,433348,415836,427916,430160,421655,415885,NA,NA,NA,NA,NA,NA,NA,NA
312bb3939e68308aab10133001adec226461ae55,406341,427168,432253,417811,422925,414733,419025,419081,NA,NA,NA,NA,NA,NA,NA,NA,NA,NA,NA,NA,NA
3169183a68021a245207f611be3df757b7020909,419631,427439,416729,427295,423341,430722,411831,414755,431238,425054,427469,431086,433334,427055,421177,426145,414438,NA,NA,NA,NA
3204588cf8a2a2d96cc257b5320da5f75e2b006d,394677,431593,432548,431487,423256,417463,423780,433197,NA,NA,NA,NA,NA,NA,NA,NA,NA,NA,NA,NA,NA
324358b6bb1abeb6e2067df81ccf6955bcbfaf78,422118,426325,429678,430263,402701,432321,416405,428983,NA,NA,NA,NA,NA,NA,NA,NA,NA,NA,NA,NA,NA
332d2db360d37a20f74fe6177aebd4f8a15b7f25,406491,388534,423035,424055,392690,398004,407007,NA,NA,NA,NA,NA,NA,NA,NA,NA,NA,NA,NA,NA,NA
336a75b2cb4dbddf819d81144f9bb7f36a06020a,431402,416822,420188,426437,417493,429572,431066,417466,NA,NA,NA,NA,NA,NA,NA,NA,NA,NA,NA,NA,NA
33ba42e379fe6e33205674288150066a97a5b15f,430708,410475,422646,413210,430693,431748,428225,432639,421063,430738,431693,NA,NA,NA,NA,NA,NA,NA,NA,NA,NA
33c8441fd3b75a438fa1edb2448b72480a1c0d2d,381865,394302,422839,421693,412500,412869,408575,404183,NA,NA,NA,NA,NA,NA,NA,NA,NA,NA,NA,NA,NA
341a28d09111c4c2d6593eb948c8ea2263152a61,420857,391823,400773,433379,391875,411127,407504,426527,NA,NA,NA,NA,NA,NA,NA,NA,NA,NA,NA,NA,NA
3424e9b5d2974fc627c15ac7189bec411de637e2,408678,407214,419512,402026,379803,396787,402000,419873,NA,NA,NA,NA,NA,NA,NA,NA,NA,NA,NA,NA,NA
34a038944d2960a43b5680aa31bc68f7251bf3c5,423337,406319,420735,398960,414242,426448,421706,419693,427370,NA,NA,NA,NA,NA,NA,NA,NA,NA,NA,NA,NA
358e4ecc42a9857e9e5ace5ec539847e6ae0711c,417600,429073,412708,395661,421953,425436,417515,NA,NA,NA,NA,NA,NA,NA,NA,NA,NA,NA,NA,NA,NA
361d0cd98cf22b79b4f8770edaed2046026ff693,428321,413318,424747,427923,426194,431189,410694,423848,415583,432210,428469,NA,NA,NA,NA,NA,NA,NA,NA,NA,NA
3628738e11b1d5b95f705eca625029141b7fb8e4,424873,431446,428459,433187,407600,427913,405335,431411,NA,NA,NA,NA,NA,NA,NA,NA,NA,NA,NA,NA,NA
3682f70550b70bb3ca9209d31c3f71442173e25d,424776,432705,424375,425107,429406,410728,433230,432725,420003,431482,433335,413414,NA,NA,NA,NA,NA,NA,NA,NA,NA
36c1af30d78ed408442a7b1ca5717b830271c45f,410680,428126,416472,421047,431094,428471,411732,431344,432272,424020,427229,423945,432658,NA,NA,NA,NA,NA,NA,NA,NA
382c8e96d9a27d37855bfed26c7d7a19d2e8bd86,424200,424035,431556,424985,406224,429611,431093,431295,415341,425064,413219,NA,NA,NA,NA,NA,NA,NA,NA,NA,NA
3947e1c0f89c2509ae78753f24426ed4a3f91302,425486,412269,428950,409118,426399,428445,424906,413282,NA,NA,NA,NA,NA,NA,NA,NA,NA,NA,NA,NA,NA
39d6507e5c88d3a940613ad110275b2ce4c29fcc,411189,427257,425336,411473,418047,426065,430630,432340,405373,423249,418815,NA,NA,NA,NA,NA,NA,NA,NA,NA,NA
3a5cf76263c2ba8df2f926221ed9554141338896,404851,423920,406462,421098,426225,392877,415581,430167,430247,414896,NA,NA,NA,NA,NA,NA,NA,NA,NA,NA,NA
3a7ff5041ba86c48287e0caa540d071f95d278e9,401815,431468,410111,422695,411579,407449,392527,428355,422156,401164,427109,NA,NA,NA,NA,NA,NA,NA,NA,NA,NA
3ab435cfdd015cced8dcc23262efd4f0390f92a3,430362,418043,412885,433435,425342,432471,421654,430196,430261,432273,NA,NA,NA,NA,NA,NA,NA,NA,NA,NA,NA
3b19e45096339c304c2f5ea693acb90fc9b22420,420901,426337,411408,430321,431523,427564,430093,430123,417498,425327,432195,429262,428990,417458,422988,421873,409249,NA,NA,NA,NA
3b2b8950e143339c6d258b2f6d7ddabf1e04b9f5,420016,432463,411519,431071,432325,433398,423186,424283,427405,421011,NA,NA,NA,NA,NA,NA,NA,NA,NA,NA,NA
3b964b1ae780f462c9e169f28f4140984bd8d809,426470,432631,428594,413315,426870,430130,424765,431159,NA,NA,NA,NA,NA,NA,NA,NA,NA,NA,NA,NA,NA
3c28033e56e52d3c09fb3e1aeb321e631f0647ce,432165,433405,421109,416842,397710,416371,NA,NA,NA,NA,NA,NA,NA,NA,NA,NA,NA,NA,NA,NA,NA
3c6439e259587dd479f450ba677b4b28845bc605,422851,423038,426383,423052,422781,419925,427924,418900,427465,429438,432231,423171,429614,NA,NA,NA,NA,NA,NA,NA,NA
3c91223b303a62af1da4381c6e2626c38e95c398,432782,430268,411739,424768,430499,406567,413252,425245,432120,423775,430066,409497,NA,NA,NA,NA,NA,NA,NA,NA,NA
3c98a98e437cf6659d97ff237ff0413227c52c3f,426873,433255,425257,430242,431680,423216,428544,424158,429106,NA,NA,NA,NA,NA,NA,NA,NA,NA,NA,NA,NA
3da391eba1c3898e07d155cd9180d96f12de59a2,373603,399711,392392,404242,399718,397513,400592,433315,NA,NA,NA,NA,NA,NA,NA,NA,NA,NA,NA,NA,NA
3dab2c7f169b6d99a2a1de4ead03d3ab9b3a29d9,423105,424350,432540,430538,417019,429414,426872,424368,430654,420826,414911,431508,NA,NA,NA,NA,NA,NA,NA,NA,NA
3e326fae95db00dcc20acca1d653a48efc2c7e96,422865,421911,412287,413653,430435,427297,414885,428511,416565,415811,432753,NA,NA,NA,NA,NA,NA,NA,NA,NA,NA
3e57df452b8ddef1f03de0b9b996ebbc3578554b,421116,424750,421998,408670,428244,402044,433164,429004,430135,432360,426485,NA,NA,NA,NA,NA,NA,NA,NA,NA,NA
3ea716a5e0bd76968f5c52c4450a5346f7ffb7e2,425988,423840,427142,433151,419972,431127,410142,406146,421812,425187,NA,NA,NA,NA,NA,NA,NA,NA,NA,NA,NA
3eed2259b98eb56bb7dfc4fe7f105c5348216e29,430250,414588,429214,424848,431209,428604,432532,431203,430132,429386,421793,430539,431418,425020,NA,NA,NA,NA,NA,NA,NA
3f3151c67859a733e9cf2d8ab422d01efa6253a0,423144,426061,427079,432630,430168,430640,426051,430472,426888,423824,418878,431463,426104,402379,423233,NA,NA,NA,NA,NA,NA
40b945b6c5726cd6fbc0ecfd1301517d583219de,414647,432663,413706,386532,412196,426295,NA,NA,NA,NA,NA,NA,NA,NA,NA,NA,NA,NA,NA,NA,NA
40e4a0a540c3a1b44702533f8a6ed0964ea9b3c0,424149,415622,415686,428404,422739,431540,425001,433229,422958,NA,NA,NA,NA,NA,NA,NA,NA,NA,NA,NA,NA
41339743b032993c9c7ad83e0809b8468ecc2785,429581,432428,426281,423368,429273,425309,427354,432415,432233,419899,NA,NA,NA,NA,NA,NA,NA,NA,NA,NA,NA
416911785013d8c0e1f003feeede6366b76cad3a,429593,420596,407160,432422,430156,417801,432498,422776,430502,431219,NA,NA,NA,NA,NA,NA,NA,NA,NA,NA,NA
4186554932260871898bc1aefacbc94875c053d7,422161,410478,423865,401081,425925,419493,411701,428016,NA,NA,NA,NA,NA,NA,NA,NA,NA,NA,NA,NA,NA
41acd00272967d8689258d80de01ecbcb55b20ef,404808,403260,429390,431325,404425,401865,408161,365060,NA,NA,NA,NA,NA,NA,NA,NA,NA,NA,NA,NA,NA
445bd54509be141f259a910fed3b422926ddb10e,423927,421237,422096,424763,431259,412478,425906,431422,431539,432270,NA,NA,NA,NA,NA,NA,NA,NA,NA,NA,NA
4490e7dc7f58e464558a1744259ad9006a7667e0,429629,432760,420147,428556,431690,431498,428523,424837,NA,NA,NA,NA,NA,NA,NA,NA,NA,NA,NA,NA,NA
44daa56b4366272405b8ddb6d10b76fa16a8ad34,433344,430675,420202,426904,422114,431575,425185,411518,408471,430355,400685,NA,NA,NA,NA,NA,NA,NA,NA,NA,NA
4509bbb7ce92e4b1ba250d1c974c2d047d18c430,423354,431278,429532,432395,425170,414697,424829,NA,NA,NA,NA,NA,NA,NA,NA,NA,NA,NA,NA,NA,NA
454688216047d40ec7260536141a58dda7530ff2,430450,418046,417425,412754,431717,409598,423971,424268,417067,420795,NA,NA,NA,NA,NA,NA,NA,NA,NA,NA,NA
457b2eddf7926ba24614b8f0f9344213c6dc1e18,415478,432225,431084,427041,429441,414498,430279,NA,NA,NA,NA,NA,NA,NA,NA,NA,NA,NA,NA,NA,NA
45f05771e2998db2c30184a3c889dcf983966597,430082,424231,429332,426136,414723,412803,421600,NA,NA,NA,NA,NA,NA,NA,NA,NA,NA,NA,NA,NA,NA
47801576dbb27e6117ab6d29b5ae48488aab259f,431272,420072,416452,422762,398682,428378,423814,425179,431202,429064,428554,429036,NA,NA,NA,NA,NA,NA,NA,NA,NA
4816590a4280e5b65fd8631a4480e3e0691943a4,410464,421178,432510,414303,404087,420806,404396,399662,414593,418057,407169,416495,NA,NA,NA,NA,NA,NA,NA,NA,NA
49166d9dc6b7486b93ee6ff724fc8041bd1ef08c,383909,426841,383460,423366,423308,400010,407300,405059,414981,412414,423217,397541,NA,NA,NA,NA,NA,NA,NA,NA,NA
498490bc5bbbedfc83034f19798f2816f07dff2d,409474,418476,431492,409436,429454,412180,408614,NA,NA,NA,NA,NA,NA,NA,NA,NA,NA,NA,NA,NA,NA
49d45c45ae26ed8eb39314b80aed146df9fd4d6e,427965,424820,431221,425443,432350,430557,424206,430331,431548,426290,421692,NA,NA,NA,NA,NA,NA,NA,NA,NA,NA
49ff0d02a58b92f868b85e282ae6b0c166094382,408524,415745,412833,427119,430695,421729,424152,415843,NA,NA,NA,NA,NA,NA,NA,NA,NA,NA,NA,NA,NA
4a20727488578ae1fa5742b9201c8d3761ed0def,432403,429503,427366,426301,432462,426467,NA,NA,NA,NA,NA,NA,NA,NA,NA,NA,NA,NA,NA,NA,NA
4a841be45fee2037dce576a15a5d6fc029a859e8,411302,414610,408378,408583,423936,420609,376978,NA,NA,NA,NA,NA,NA,NA,NA,NA,NA,NA,NA,NA,NA
4acab371eee8d697e8eda05ac2524cb2cb7fcaae,430474,423697,429437,427183,426330,428042,NA,NA,NA,NA,NA,NA,NA,NA,NA,NA,NA,NA,NA,NA,NA
4b8f27b0bd5136e7b8df38cb1ab67b0d696f566c,395708,414779,431609,425077,420682,428616,427070,NA,NA,NA,NA,NA,NA,NA,NA,NA,NA,NA,NA,NA,NA
4b967831dd9fa19d176e190d52df3f75bc002623,432501,433308,421144,433303,431234,423887,413648,409428,428056,NA,NA,NA,NA,NA,NA,NA,NA,NA,NA,NA,NA
4b9bd54e56cc37248f9336636accb9fe1859c603,429434,432457,430326,432495,425473,429037,420140,431524,432774,429107,427438,432213,NA,NA,NA,NA,NA,NA,NA,NA,NA
4c5ea808d64469521fc89fe365f90fdce521ca9f,422323,424105,430466,432657,417687,412439,429545,419162,NA,NA,NA,NA,NA,NA,NA,NA,NA,NA,NA,NA,NA
4d26daf227b3008c9763b235fb4dd058fe9f6ad9,427323,410322,420936,428423,428065,432309,425096,413750,427385,NA,NA,NA,NA,NA,NA,NA,NA,NA,NA,NA,NA
4d57e7d672bbacb53d64136ae9cd238fde5e778e,417689,433311,408648,433361,427364,426020,430343,427029,430531,424917,425177,425341,405843,433181,NA,NA,NA,NA,NA,NA,NA
4d7ef3a976e5af31d021015ed3542734aa0e2971,421643,426111,425469,419769,433372,427287,433325,425331,425166,427138,NA,NA,NA,NA,NA,NA,NA,NA,NA,NA,NA
4d7f0b1fd4d733be426866b633351b15b0e122e3,418501,432723,429636,425083,430613,421813,430573,NA,NA,NA,NA,NA,NA,NA,NA,NA,NA,NA,NA,NA,NA
4d8d54fa8e8a736ff490e28ec700576f290a9e96,415802,424967,415302,432703,429045,411148,430225,418785,424380,419897,422672,432578,NA,NA,NA,NA,NA,NA,NA,NA,NA
4df3df9f57a02086385a8a0025d5faffc164e173,425960,400673,426129,427550,422972,417041,411233,422276,424887,NA,NA,NA,NA,NA,NA,NA,NA,NA,NA,NA,NA
4e8c3c2321acc57ec6317100dbb454f4985c71d6,421034,424823,432804,416431,430616,422749,433145,429995,425127,431699,429463,424104,NA,NA,NA,NA,NA,NA,NA,NA,NA
4ee3f089266954088440feec3a4b98778e3e4b8b,430248,426416,432209,430525,429471,424741,433248,426199,424373,428376,431269,429526,423025,426088,NA,NA,NA,NA,NA,NA,NA
4f2b5fc427188875e84c5d2d51c3016bf8ad50d1,428204,427280,433306,432529,426102,432483,NA,NA,NA,NA,NA,NA,NA,NA,NA,NA,NA,NA,NA,NA,NA
4f33822b117b5ce6d481764961a32df7484d84b1,405315,431345,420235,426124,419903,407262,417500,423291,425870,430295,411572,NA,NA,NA,NA,NA,NA,NA,NA,NA,NA
50000734b4852f1f025b6626a77ac3c422cf4139,408152,406318,412214,375845,389634,379780,417566,390175,422154,NA,NA,NA,NA,NA,NA,NA,NA,NA,NA,NA,NA
514a02b37b1eeb824c1ff366ff0e999d3dd05b48,421687,425935,427038,431255,430145,426983,429211,429353,420229,NA,NA,NA,NA,NA,NA,NA,NA,NA,NA,NA,NA
52c3ef3f2e23601fb08bb6f95c374fba2660622c,432151,433295,404126,NA,NA,NA,NA,NA,NA,NA,NA,NA,NA,NA,NA,NA,NA,NA,NA,NA,NA
52d533abe42e2aa8fe02db1ebdf9eda8c347ed11,430412,431060,418029,425430,429396,430658,432545,424819,432708,NA,NA,NA,NA,NA,NA,NA,NA,NA,NA,NA,NA
5311929600d651c395e755f102e59f3a5760c65a,431359,430285,407371,417501,416687,429422,411268,417401,421031,428621,417547,NA,NA,NA,NA,NA,NA,NA,NA,NA,NA
534a41800973cb8003ba233b6ed7c7a108e21b8a,414848,421171,417954,429117,414436,427940,413745,424972,431782,430286,432137,428361,NA,NA,NA,NA,NA,NA,NA,NA,NA
5361dc848b8624c42ca7499b5abbc3e57738ec25,428043,413513,420856,425348,424073,416594,413433,427004,426963,422291,401206,430053,429444,418919,NA,NA,NA,NA,NA,NA,NA
53aae1b8197bdfc51de56b75d35f054b9714c656,413387,403905,423222,408010,431555,421096,413832,423889,416664,420564,418084,423822,410439,399946,407979,NA,NA,NA,NA,NA,NA
53ad377bd4e0b38330fc4a522712ced75afa93a7,426476,432573,431583,427544,417878,432752,426125,432837,430544,NA,NA,NA,NA,NA,NA,NA,NA,NA,NA,NA,NA
53f7a4598c9ba5e6899e5e70d66f5adf8eccb3fd,403432,429574,432536,430406,420837,428598,427537,399226,423955,415951,NA,NA,NA,NA,NA,NA,NA,NA,NA,NA,NA
54a03a8f7aee77549e5629e49ed351c23889210b,429316,432180,424062,427336,430578,423803,399651,430397,424131,412864,411517,NA,NA,NA,NA,NA,NA,NA,NA,NA,NA
555bf6dbbff3f7168bfc5acd21e0f0ddd69f211d,432392,430091,429669,425041,430204,422702,418899,423857,NA,NA,NA,NA,NA,NA,NA,NA,NA,NA,NA,NA,NA
566bb4c73e5f44f529f69b8f6e92b95af650cf33,425303,430664,428290,413301,430572,407494,428427,NA,NA,NA,NA,NA,NA,NA,NA,NA,NA,NA,NA,NA,NA
568351900b51b4ad4afe9a7df05ef46860ca9e92,432197,427570,425128,431726,432188,429210,432577,424412,432424,415384,417698,418779,NA,NA,NA,NA,NA,NA,NA,NA,NA
568535944c7b3743ec6f58970992a0f89e389680,429052,430116,401647,403136,431319,387059,427192,423115,431112,NA,NA,NA,NA,NA,NA,NA,NA,NA,NA,NA,NA
56a8d8393161f88d71b93cd511f5d8c90cb57bf1,431288,432509,419496,431329,413666,430184,430181,424185,422253,431516,398731,432484,NA,NA,NA,NA,NA,NA,NA,NA,NA
56fb690168818d73ce97bf0cd0359910cfc122c2,418874,426365,427914,423728,430597,NA,NA,NA,NA,NA,NA,NA,NA,NA,NA,NA,NA,NA,NA,NA,NA
5724acd52b131d2e3de9c66b17e6dea5579bc12a,415319,424008,395368,396517,411826,411480,405485,396899,410098,409206,416365,413267,NA,NA,NA,NA,NA,NA,NA,NA,NA
576f5b853adc740ff5809bcd67ae3e3553cb9619,430605,418449,391771,416476,406170,426035,403089,386368,373614,391509,408394,NA,NA,NA,NA,NA,NA,NA,NA,NA,NA
5778202a584d9ea9623a5c81e309e9b9d62f0ff5,417814,432526,413337,428253,424777,404478,432617,430182,423846,424355,NA,NA,NA,NA,NA,NA,NA,NA,NA,NA,NA
57ab6cce2588bfab22148d0f33caa875e5556d8b,420963,431290,428991,419751,427955,425859,432101,429548,425944,408071,NA,NA,NA,NA,NA,NA,NA,NA,NA,NA,NA
57d5f60300ebfdddc597fe6e7f99cf19947a0e14,430641,433250,422016,417857,433204,420549,428093,427995,411474,425875,NA,NA,NA,NA,NA,NA,NA,NA,NA,NA,NA
583d136f1050e3436481735f1dd77a7f7cda37d8,411367,431744,431759,375810,423031,405863,399017,423160,432549,428958,417088,NA,NA,NA,NA,NA,NA,NA,NA,NA,NA
5858404fd991da09b3fa72b01cf75f4a6fe57938,410295,432487,422315,407309,414901,422898,398995,407459,424786,423045,421637,431652,NA,NA,NA,NA,NA,NA,NA,NA,NA
5b2d9ae68b45f47c8252fc7f2ab0df74cc42a2d8,389186,402163,430663,419665,385266,420091,427139,425831,431569,388452,426418,412395,NA,NA,NA,NA,NA,NA,NA,NA,NA
5ba6c1a81c4ff2d8c5996619d54a9f573b436d29,432344,430487,418579,432611,432223,430500,412662,429411,431417,431671,NA,NA,NA,NA,NA,NA,NA,NA,NA,NA,NA
5c0dc77d804d85bfd37ef77283875e3bcfd6e512,429132,429500,432641,417742,422047,416608,432779,NA,NA,NA,NA,NA,NA,NA,NA,NA,NA,NA,NA,NA,NA
5c842bc3cba45f6f31642004c2e8d101d63895bd,431742,431678,419828,420952,405139,416550,415958,421141,421834,417457,NA,NA,NA,NA,NA,NA,NA,NA,NA,NA,NA
5c88e4423993d46cba043c4f1e82ff77906d0d2a,429484,430454,420198,429312,419966,432793,423779,418114,428382,NA,NA,NA,NA,NA,NA,NA,NA,NA,NA,NA,NA
5cb4cef761c560972439fb808d1872488c55007f,412467,414983,430057,422940,428386,432347,428502,419894,427435,398614,397591,419794,431741,410273,NA,NA,NA,NA,NA,NA,NA
5d16119ec611e23ee220175afb627cb305b865de,432205,431610,433403,421888,416591,427238,420056,431416,429187,432445,433239,NA,NA,NA,NA,NA,NA,NA,NA,NA,NA
5e26ce8a6fada72db819a46a1d9e80c8abe64784,430668,429113,432472,428154,427421,424165,430558,418135,424987,416480,427489,430662,NA,NA,NA,NA,NA,NA,NA,NA,NA
5e724cf0e51ddbabe60dd3a057de951ab8221dce,432352,404428,427566,431550,421723,425450,431102,395571,NA,NA,NA,NA,NA,NA,NA,NA,NA,NA,NA,NA,NA
5eb1c76ef32028b5c9fc7c8d0d628a9d360d0d46,432832,420220,430213,423323,425101,429370,429125,428243,426239,433409,432615,425895,424376,423070,425934,415661,417507,NA,NA,NA,NA
5ebbcf0be7dba1b980be52af76df91c0d17d1e38,408104,423716,417020,425157,425997,400245,430714,420556,407348,430205,419815,428081,424952,422807,426505,410215,414968,427262,409618,NA,NA
5ecf04b912062750dfcc7a18f1abc4b6c739bae4,414300,432673,427316,432659,426856,416400,NA,NA,NA,NA,NA,NA,NA,NA,NA,NA,NA,NA,NA,NA,NA
5f318f2cb7abcf3d440a3117c287e0bf36df21f7,418534,431326,431785,NA,NA,NA,NA,NA,NA,NA,NA,NA,NA,NA,NA,NA,NA,NA,NA,NA,NA
5fc0fd87f2fbe86db3d43287f3ba4db84f199287,431586,432355,427451,417818,431366,428128,NA,NA,NA,NA,NA,NA,NA,NA,NA,NA,NA,NA,NA,NA,NA
5ff13b8a5aaa2e22cd7c933d8534082851aa2ad8,420842,431584,432388,425279,430260,433253,428622,430125,422866,428462,NA,NA,NA,NA,NA,NA,NA,NA,NA,NA,NA
6001947a8ae4b83cbd91e5699b255ddd68cbf7d1,414864,384130,388619,401071,418846,414622,369157,405239,423764,381356,409645,430004,423304,NA,NA,NA,NA,NA,NA,NA,NA
603cbadbddf1b0ee1603d31409358a12854ec397,415520,413810,427101,415902,431392,432448,424417,430357,NA,NA,NA,NA,NA,NA,NA,NA,NA,NA,NA,NA,NA
60e11ea12ca13be9e9dd2bb3f245313a7f10f5cb,424756,417819,431582,421679,432365,431570,430107,422894,422855,430519,428170,NA,NA,NA,NA,NA,NA,NA,NA,NA,NA
6173a85c364f3e4320bfad125c5cecf22fe65a45,425401,424391,433143,425855,433182,421782,430431,433437,416465,429445,NA,NA,NA,NA,NA,NA,NA,NA,NA,NA,NA
61761f21bbce61c0afdb979d4cc41fb512e14503,423869,428234,394456,397450,411774,410333,432100,397953,432324,413764,411510,433280,415935,419834,405270,NA,NA,NA,NA,NA,NA
61cff554c506cae2e56a541e5acef8a99113820f,432476,414904,416022,423904,430215,430441,426489,433268,433375,427352,428960,429119,401730,431736,NA,NA,NA,NA,NA,NA,NA
62180398f92dd0f0116459a36542ddb985146ccf,399016,396873,414421,416346,398967,406011,407330,400974,410603,NA,NA,NA,NA,NA,NA,NA,NA,NA,NA,NA,NA
626c5e5f7758239d3ac18ff2eea4774604b47753,427078,430356,432147,429530,431052,427527,427279,426883,428267,427180,NA,NA,NA,NA,NA,NA,NA,NA,NA,NA,NA
62f48a2c1051cd0f9450dfeb3d6726ace34c66aa,431245,415655,421230,428174,430470,432452,431703,432683,430429,NA,NA,NA,NA,NA,NA,NA,NA,NA,NA,NA,NA
644e69db8c19e15a1a5af0508ffedf382a9effd1,431296,424994,426154,432598,433214,NA,NA,NA,NA,NA,NA,NA,NA,NA,NA,NA,NA,NA,NA,NA,NA
65258c8c776724da343329a85cc7779024ee0d4f,425941,431428,430190,426162,433140,429263,425953,431276,426177,NA,NA,NA,NA,NA,NA,NA,NA,NA,NA,NA,NA
654e0c686005cbae2178bf3544d6240e0c88b460,427270,431426,424342,431762,423309,430007,411114,420230,NA,NA,NA,NA,NA,NA,NA,NA,NA,NA,NA,NA,NA
657b138793ba170b17e25104480641ccd2ae553e,422028,431136,425152,425896,422900,422738,424239,425393,432797,421626,NA,NA,NA,NA,NA,NA,NA,NA,NA,NA,NA
66609b154bfdfbab65eab5505a7c16aa158dba80,426412,422213,428573,431154,433146,425116,417651,427549,430140,421811,NA,NA,NA,NA,NA,NA,NA,NA,NA,NA,NA
6678a36800e584538e090f0b6e118d05d2836d1a,423181,430468,429996,429653,414306,429072,420201,429506,431684,428033,420706,NA,NA,NA,NA,NA,NA,NA,NA,NA,NA
66e8b9a1b9598cb5a46ae771e97d9ea984bf4c37,430109,427093,418506,411726,430126,428465,432330,430300,NA,NA,NA,NA,NA,NA,NA,NA,NA,NA,NA,NA,NA
67523f968f462eedd675486b54ec87fb0f304073,426168,409676,426441,410770,432459,423027,421666,406529,431147,427551,428463,430219,428480,424862,NA,NA,NA,NA,NA,NA,NA
67706d9e30279c1d9b0cfac650c8a743dd152640,425200,427993,430553,431223,412209,432581,429997,NA,NA,NA,NA,NA,NA,NA,NA,NA,NA,NA,NA,NA,NA
6794b8bc6d43c4d9c78da93acbe12a7bed6bdab1,432662,425806,425820,427332,422048,429005,410725,429241,428992,407554,423187,NA,NA,NA,NA,NA,NA,NA,NA,NA,NA
681f20d2271a594f049b8cec9698ec900b5a372d,424221,429010,424758,432458,431294,419737,423823,426394,428008,409191,424413,432560,422216,429415,NA,NA,NA,NA,NA,NA,NA
68927d3604f7dc980f0205d48e81f16b4aa1a516,430224,423049,428252,432622,428285,429515,422318,430489,NA,NA,NA,NA,NA,NA,NA,NA,NA,NA,NA,NA,NA
68e413342fe1c51195d6b491d4599ebe1611832a,424935,424213,425210,429057,424883,426233,429538,433432,431777,428475,431261,432700,428505,410602,NA,NA,NA,NA,NA,NA,NA
69415ad6d5a4911c904b1314a7599ba3c30ec8bf,426392,419778,426893,429469,388328,422780,391319,418760,420713,424998,415371,427349,NA,NA,NA,NA,NA,NA,NA,NA,NA
69bc1bc0ef8d304ef79600be854235e952a4e084,429671,431283,429287,432315,431267,428447,430580,NA,NA,NA,NA,NA,NA,NA,NA,NA,NA,NA,NA,NA,NA
69ea6662a50b50503fba50adf1ef5c291d6a0a59,429127,430718,429109,428180,429338,430095,432434,425980,432380,433389,429229,427146,430021,NA,NA,NA,NA,NA,NA,NA,NA
6a394383aa940e9f8ab3c1ec13f9bd7cbd738a59,430070,431336,422974,423018,432323,428078,430043,404153,403066,411377,NA,NA,NA,NA,NA,NA,NA,NA,NA,NA,NA
6aca90d9d42b70c944ef698b3496d951c34aa8fa,426161,385918,412532,432249,424364,423004,423302,NA,NA,NA,NA,NA,NA,NA,NA,NA,NA,NA,NA,NA,NA
6ae447809f95a5f0301aef8d0e7a4dafac7171f6,415857,427085,412759,431665,426196,431581,427161,410207,424142,418594,NA,NA,NA,NA,NA,NA,NA,NA,NA,NA,NA
6ae88a8f9cd87ef8eb65c159cd1a1502c9e56ed8,430417,420872,422334,410787,429656,424323,429276,422119,426116,423026,NA,NA,NA,NA,NA,NA,NA,NA,NA,NA,NA
6c00b8534bd95e4004554e0e40c02831ab1bb7bd,431756,423715,418481,426538,415343,427517,428333,400890,NA,NA,NA,NA,NA,NA,NA,NA,NA,NA,NA,NA,NA
6cab12a1f79a64b8625c4331db32446ef308d37e,422043,390585,417920,428359,428330,414422,425995,NA,NA,NA,NA,NA,NA,NA,NA,NA,NA,NA,NA,NA,NA
6cb0733ff8df7f43083b512ed5cf16cc7cec8994,432530,420608,428508,424426,426076,422083,416613,431532,432786,NA,NA,NA,NA,NA,NA,NA,NA,NA,NA,NA,NA
6cd3c5d5d2ff8abb23eb317ab10ed610e716ce7a,427195,432600,432745,419177,428947,433365,404148,NA,NA,NA,NA,NA,NA,NA,NA,NA,NA,NA,NA,NA,NA
6d58bc80202e23759742449a0b048a20d4583e89,421037,429086,426438,416914,432175,423219,412778,429208,NA,NA,NA,NA,NA,NA,NA,NA,NA,NA,NA,NA,NA
6d89bfe8e249ffe66fec946a26bc84442dfc70ce,421865,431619,407455,413763,430367,409194,409134,414766,421123,431683,429137,410380,422745,406507,423231,NA,NA,NA,NA,NA,NA
6d90e1928416fa95809d44ff75d194c2673ca51c,423752,417900,432827,424162,408274,427276,427986,408225,410658,408497,423365,403387,414333,423251,423963,428959,415899,428998,425060,NA,NA
6da104bb011ed21f2cf42a333b525ed52857564d,412835,432514,428989,428430,421915,433236,430507,NA,NA,NA,NA,NA,NA,NA,NA,NA,NA,NA,NA,NA,NA
6db1f472b9d316a42936702eba61084f1725fbb9,428590,425867,431053,431541,NA,NA,NA,NA,NA,NA,NA,NA,NA,NA,NA,NA,NA,NA,NA,NA,NA
6f0a211b6f8c84f3823e69ca52a1bc490f2d86d6,422996,406021,421832,421137,430416,426112,428188,430094,414526,432174,429398,NA,NA,NA,NA,NA,NA,NA,NA,NA,NA
6f0beb2107b626ffd966781c47f83274454d5fde,429403,402218,423154,428235,430689,417567,430600,431161,432522,NA,NA,NA,NA,NA,NA,NA,NA,NA,NA,NA,NA
6f122d488918abead84f6a1ce4a69ead8611ee6f,387325,424804,430381,402018,431103,399978,NA,NA,NA,NA,NA,NA,NA,NA,NA,NA,NA,NA,NA,NA,NA
6f28785cec6f7618a900b456da32b626c533ab4e,431789,423023,427028,433172,430516,427481,402101,424203,429475,428187,420871,424836,430380,426386,429637,433276,NA,NA,NA,NA,NA
6f8ebd6c3282e81650ac55bdcb938e7f80cbc44c,430737,382197,422932,410529,426047,418938,414260,423771,403798,399755,412231,409707,NA,NA,NA,NA,NA,NA,NA,NA,NA
6f9a706f045c962a6d13c701cfd0eb04a879d27e,427048,414332,429534,425091,428304,420945,430251,431530,427066,432619,NA,NA,NA,NA,NA,NA,NA,NA,NA,NA,NA
7017604f51627cc4a4e48f877e81b6e912313fd9,414573,404145,431745,423911,420544,NA,NA,NA,NA,NA,NA,NA,NA,NA,NA,NA,NA,NA,NA,NA,NA
7082d9b864bb9b8295422a93c7d63300a445478d,415475,421647,411676,427979,419979,414496,422746,427918,407145,414468,NA,NA,NA,NA,NA,NA,NA,NA,NA,NA,NA
70c5920b7f0f88f2f533399be2bdc4a0d157c16c,383251,404199,398922,428085,371475,417839,423301,NA,NA,NA,NA,NA,NA,NA,NA,NA,NA,NA,NA,NA,NA
70e8c54a02daa5bb39a1c18df0c45db367d03335,422678,396669,418933,395654,398572,411459,403943,422856,423798,431557,388305,414695,421858,409022,405248,NA,NA,NA,NA,NA,NA
7107c9b64c050826ecdf286bf37d583a50c023b8,400161,433383,433413,NA,NA,NA,NA,NA,NA,NA,NA,NA,NA,NA,NA,NA,NA,NA,NA,NA,NA
712d8e0a4f20f3b9b6e19b02542a931bff5bf94b,424425,426998,419867,426146,433416,431356,430480,432625,395030,NA,NA,NA,NA,NA,NA,NA,NA,NA,NA,NA,NA
71c0c54925e493ad7c2e120f09922dd2a160c518,425264,429685,427193,410605,421211,430633,427054,430483,428610,399649,NA,NA,NA,NA,NA,NA,NA,NA,NA,NA,NA
7242952ce5a50f78b00f184daab1916267f4c438,420647,421228,389138,427545,402799,426291,418492,384034,NA,NA,NA,NA,NA,NA,NA,NA,NA,NA,NA,NA,NA
72cd802978af3a365fa575704108f5c0fd0ea68e,399862,427933,411225,423926,415698,403186,429435,427170,423150,412838,413401,416005,NA,NA,NA,NA,NA,NA,NA,NA,NA
7369f62d6a2c679ae6a66ce5c8b8f79ca51def5e,417456,412325,432368,404466,411634,NA,NA,NA,NA,NA,NA,NA,NA,NA,NA,NA,NA,NA,NA,NA,NA
73a760812420c67349f8ae298310bbde9765593f,432440,423324,409413,423892,421819,431120,430565,421051,411556,424317,NA,NA,NA,NA,NA,NA,NA,NA,NA,NA,NA
73ac150722716bdce7adecbd9602eb63832d4363,430267,425110,426188,420739,420074,412750,431348,431064,400187,430488,423127,NA,NA,NA,NA,NA,NA,NA,NA,NA,NA
73de686e23598106fdd73c90e37d7fc8bf45265c,417929,430157,417575,426101,419096,425873,423305,431301,432737,421259,425028,432750,432481,414800,433431,430698,415991,NA,NA,NA,NA
7467ebd21ab1b4ebd6baa2dd65e0cf4e81b81bbe,421800,428576,424874,417828,396540,395589,426317,428036,413441,NA,NA,NA,NA,NA,NA,NA,NA,NA,NA,NA,NA
74b7544b53b6192f23e15b22a005cbe8b1e7233a,428592,431718,430208,418545,419992,420037,430661,423347,431512,427291,432635,NA,NA,NA,NA,NA,NA,NA,NA,NA,NA
764c4595208ec51653bc48345e2ebe4896db47ee,426494,415740,428218,432820,430492,431507,432649,427414,414910,424809,NA,NA,NA,NA,NA,NA,NA,NA,NA,NA,NA
765476d348433270c222753cd8d43258a60160cc,424085,418087,428311,420679,387285,430276,405169,401305,432696,425840,425992,432575,NA,NA,NA,NA,NA,NA,NA,NA,NA
7682bf5948bbe856f8b4ebd180734a24f4e88228,430048,425010,426171,432286,416912,432397,429402,427420,433193,426891,428609,433388,433183,432454,NA,NA,NA,NA,NA,NA,NA
76b5b8383139cf89ca3321317626d37ada799bab,415995,421210,426267,405453,410153,411290,NA,NA,NA,NA,NA,NA,NA,NA,NA,NA,NA,NA,NA,NA,NA
76f75ea8834f702c11015562a50f001dec98ee35,405343,424912,425978,426080,421702,424978,418071,432780,428993,415751,NA,NA,NA,NA,NA,NA,NA,NA,NA,NA,NA
7717875c6cd51777230ab8accf14405e0303fef1,430282,421125,426109,432570,430696,430720,387314,416575,412343,427057,432794,NA,NA,NA,NA,NA,NA,NA,NA,NA,NA
7890e942a1e6afa4849fd523ec68dd8538890252,410538,412758,412232,429443,426268,427246,432178,416848,431490,423064,416571,NA,NA,NA,NA,NA,NA,NA,NA,NA,NA
78bba48828a191b78b9010c1d2b482342920bd4e,386516,419564,394349,423332,410685,421162,404964,412888,410724,400844,418722,403125,403962,NA,NA,NA,NA,NA,NA,NA,NA
78fcd17b45a7c2b7ad49e7be9e89cc18339b44a1,395007,426279,416344,420959,422073,415476,423137,415759,427961,428439,427007,426530,NA,NA,NA,NA,NA,NA,NA,NA,NA
799762b801f7f48f97301242c7df1c9236247f3b,431096,424766,431266,419613,419038,433424,426898,432387,422884,416871,NA,NA,NA,NA,NA,NA,NA,NA,NA,NA,NA
79ee340ca8c69ec2dded31ccb620c58db25355d5,418079,429221,422924,425277,413883,420131,426971,432799,424366,417892,NA,NA,NA,NA,NA,NA,NA,NA,NA,NA,NA
7a21c9f0f6c6edc4d33bf5bca3685d3ad4299cc4,431753,432237,424172,430469,430118,429170,428088,433386,421976,421732,422004,427249,426053,NA,NA,NA,NA,NA,NA,NA,NA
7c57c64f60b604daae0f677d9aadd435dab007a8,432486,418685,422179,424327,422999,413914,424353,431779,403279,NA,NA,NA,NA,NA,NA,NA,NA,NA,NA,NA,NA
7d10d7cc964e6f61354784d1b17c41c54706c10c,432235,431617,430533,429627,420733,422840,428476,430446,420199,423010,431783,421864,413410,NA,NA,NA,NA,NA,NA,NA,NA
7d6b40015d65a9f85f786188d6422158fd113824,399068,392839,407076,389502,386443,429261,405410,397539,419678,398868,NA,NA,NA,NA,NA,NA,NA,NA,NA,NA,NA
7d7df12784b9083ab1f87b9ef4c1f5f22b0341da,432621,431611,403346,426535,422057,432204,413684,412213,392934,430320,417767,426007,NA,NA,NA,NA,NA,NA,NA,NA,NA
7dc19203685e0953eb27acea00955586537dc0c2,423328,428323,423130,416544,NA,NA,NA,NA,NA,NA,NA,NA,NA,NA,NA,NA,NA,NA,NA,NA,NA
7e0b00d6a30da768f62b127e7ea2f413659113ac,432150,431788,416836,404115,432541,413473,428513,420155,420092,426304,423223,423954,NA,NA,NA,NA,NA,NA,NA,NA,NA
7e2af47b9eee2536ae15d14ee1825515ff01c6b9,421106,431144,423169,407195,413682,431233,411807,NA,NA,NA,NA,NA,NA,NA,NA,NA,NA,NA,NA,NA,NA
7e3f349b5be45fa6072378331c88b7be0bd08318,429327,431504,421024,425864,422928,424029,411617,419849,425070,432226,NA,NA,NA,NA,NA,NA,NA,NA,NA,NA,NA
7e4cf39fdb3592edc0e5a346b7a7b6c96b25afcf,413242,415723,430117,431774,431579,417906,427344,411779,423286,423996,405459,433436,431710,429294,405922,NA,NA,NA,NA,NA,NA
7e4ec34b7fa65754eef63db3c5b4f7c7c2884292,427010,429389,426039,426410,427132,NA,NA,NA,NA,NA,NA,NA,NA,NA,NA,NA,NA,NA,NA,NA,NA
7ebf3927a2de1141d0474913f4d0b122c117416e,423997,426514,425897,413833,433186,432411,426413,418447,413213,428509,409660,428287,429456,426166,398712,NA,NA,NA,NA,NA,NA
7efc59f7440a64eabde0ebd1dd4415bff4bd661d,433163,431681,432677,426063,382252,430700,422030,411499,432610,429470,NA,NA,NA,NA,NA,NA,NA,NA,NA,NA,NA
80c16baf6c62db9a0bee5c68a1a08b06f069fc1b,398016,419953,432275,428124,395572,405983,429090,420098,NA,NA,NA,NA,NA,NA,NA,NA,NA,NA,NA,NA,NA
812f66600343abcb81e1e971e0c0d4d564f33474,411661,407975,429662,417823,414891,423329,425268,425290,428185,421925,409365,392211,NA,NA,NA,NA,NA,NA,NA,NA,NA
81335e762daff1417e210959ac2966c712d2dccf,419728,412618,432241,433404,414748,428143,432795,423871,432499,NA,NA,NA,NA,NA,NA,NA,NA,NA,NA,NA,NA
81561843deb6896ecf727c5891b16ee37c51911f,405015,412430,425433,431289,412239,421938,426179,377881,426925,420553,431139,430400,412205,NA,NA,NA,NA,NA,NA,NA,NA
8169c8f1bacf2a48d19824dd761ce6944e9216a6,420546,420799,418702,433381,432836,430000,427558,428063,432602,433224,421625,412319,421842,414293,NA,NA,NA,NA,NA,NA,NA
819c67ee4ef9bea0f63898065733f07527e3cb2d,429173,415582,425148,414773,408533,405845,NA,NA,NA,NA,NA,NA,NA,NA,NA,NA,NA,NA,NA,NA,NA
81b0b1714e5f6be41eb7836a694b4b525cfcf367,427209,432604,424838,430697,430739,432666,422669,432686,427998,429001,416996,431544,NA,NA,NA,NA,NA,NA,NA,NA,NA
821aac75eac9eeb4dc1e288d53e57f7c303ae0a6,433203,419133,430503,419160,427423,423773,427581,418764,NA,NA,NA,NA,NA,NA,NA,NA,NA,NA,NA,NA,NA
843b8ee6c6a0a55a4fc1a49ff87ac033657b8f9e,424330,422973,426934,427911,421231,400873,428635,NA,NA,NA,NA,NA,NA,NA,NA,NA,NA,NA,NA,NA,NA
84cb60f4b5f171fbcd74fa906b95e2bf7a68e6c8,433241,415794,429670,432112,425984,430080,432618,422303,425205,NA,NA,NA,NA,NA,NA,NA,NA,NA,NA,NA,NA
84d3b8f32d4e63258bf7c8f12b2c7999bbbdac6e,412689,414663,407445,412852,399238,401890,418679,420124,NA,NA,NA,NA,NA,NA,NA,NA,NA,NA,NA,NA,NA
84d7b3bf1486630f3cb572b608b07820fd0705eb,431600,429297,420792,430149,426286,432524,432359,430049,NA,NA,NA,NA,NA,NA,NA,NA,NA,NA,NA,NA,NA
8688eda69379a31e81f9bf3164015042381cdf4f,432449,425804,409295,423008,430636,432792,NA,NA,NA,NA,NA,NA,NA,NA,NA,NA,NA,NA,NA,NA,NA
86ed5931875366bf0de951b5f6d74a29f5741251,409023,405409,430587,412555,NA,NA,NA,NA,NA,NA,NA,NA,NA,NA,NA,NA,NA,NA,NA,NA,NA
8760e8f3ff11aa9142344b626816a31438fdda58,399565,412665,428356,425071,432305,417675,431078,423983,383277,NA,NA,NA,NA,NA,NA,NA,NA,NA,NA,NA,NA
8794c2875154d1ad18408749731a4ab757ca3135,413265,428074,432519,426844,427972,430352,417451,431264,427404,419500,431107,NA,NA,NA,NA,NA,NA,NA,NA,NA,NA
887f439944de2e8f6ab5e549a99dc05256e5450e,412566,395932,395461,394558,401111,396585,NA,NA,NA,NA,NA,NA,NA,NA,NA,NA,NA,NA,NA,NA,NA
8885d1e778e64aef18dbaaaf0717e127cbdc9fbf,432656,423948,411441,422211,431424,421167,433270,410386,NA,NA,NA,NA,NA,NA,NA,NA,NA,NA,NA,NA,NA
88a37e99a083b7c4562771658632cade1ea6033a,430656,427467,423817,420006,424974,433191,433264,431212,429501,432288,429392,430037,NA,NA,NA,NA,NA,NA,NA,NA,NA
8959842607ab9a5cbe7462ab1b611733cf4f0d05,433267,432281,419793,409416,429092,424929,NA,NA,NA,NA,NA,NA,NA,NA,NA,NA,NA,NA,NA,NA,NA
8a0f231adeb9ba5c3560db6b53bcdd203eaa1a23,432396,432444,430098,425079,432163,422815,425254,NA,NA,NA,NA,NA,NA,NA,NA,NA,NA,NA,NA,NA,NA
8a6a33da6031afd9ba52481a6196ace7308544cc,429209,433327,403193,417747,420656,430649,428417,NA,NA,NA,NA,NA,NA,NA,NA,NA,NA,NA,NA,NA,NA
8a80749bb215704faadef9761b716712cd6f282b,423719,422184,432216,412594,411294,423284,422837,430584,413388,NA,NA,NA,NA,NA,NA,NA,NA,NA,NA,NA,NA
8c8cb013505769d762eab5e56281943652e4c97d,430252,422946,432148,425075,430017,428526,429395,416359,430490,428414,421260,423239,NA,NA,NA,NA,NA,NA,NA,NA,NA
8d35b1d134b12cb75e2889a72719612da726c84f,427893,415979,422277,423907,431137,404908,428113,424092,414525,389187,430069,429619,427306,429481,NA,NA,NA,NA,NA,NA,NA
8da8caff5b21a97941b6f7277b438de360996f74,416402,410294,432276,400610,423842,418659,431706,411158,417784,NA,NA,NA,NA,NA,NA,NA,NA,NA,NA,NA,NA
8dc47ef07e69bf15b73f53f18400b05b0c89d200,426459,413399,420012,424352,429340,420731,421952,NA,NA,NA,NA,NA,NA,NA,NA,NA,NA,NA,NA,NA,NA
8dd525947ba576d83d7545580729be4d375d7b7a,428119,423804,426372,405325,427541,430220,428212,431500,NA,NA,NA,NA,NA,NA,NA,NA,NA,NA,NA,NA,NA
8df6872325320e9a03aeafb642bef0a6a34f7db0,432371,415798,420982,427355,396835,416934,421032,431313,423234,433178,NA,NA,NA,NA,NA,NA,NA,NA,NA,NA,NA
8e5671f9a3cf836f3a00e9f8967e1003e250efb2,413371,422137,421191,433430,426103,432184,421275,432469,430302,407095,432731,NA,NA,NA,NA,NA,NA,NA,NA,NA,NA
8e8acb554ed952790e9b0642c86d0d5f48f4e1f5,432651,411304,430332,431115,NA,NA,NA,NA,NA,NA,NA,NA,NA,NA,NA,NA,NA,NA,NA,NA,NA
8ee6d59f91d3626e0928089f45e55254548c87b4,430561,430254,430198,432761,423723,424202,430452,412597,427087,432097,432561,432531,427155,432161,423339,NA,NA,NA,NA,NA,NA
8f21365c1dc49dc3c71e4df126b0f9180c8672ec,425371,425911,393522,426869,417044,424222,403856,421287,422336,414617,419913,423956,426107,426491,NA,NA,NA,NA,NA,NA,NA
8f496a63382e3e1fab5b7c40f98739d78344f18e,428223,398855,415980,415670,385940,418078,425877,432787,NA,NA,NA,NA,NA,NA,NA,NA,NA,NA,NA,NA,NA
8f8aa5789325c23fba7971cb540556f76a2cef4b,424395,415579,432138,413736,424884,427305,429108,NA,NA,NA,NA,NA,NA,NA,NA,NA,NA,NA,NA,NA,NA
8fb36dad708e4b0d6a6bdd77de533737a19098d9,415862,425920,423240,409380,414268,431547,410358,NA,NA,NA,NA,NA,NA,NA,NA,NA,NA,NA,NA,NA,NA
8fb4dc8187ad21fcab1a3eada2e316af10f82ae1,430674,415697,421912,423378,422033,NA,NA,NA,NA,NA,NA,NA,NA,NA,NA,NA,NA,NA,NA,NA,NA
8fcdab7635d99d2c49b1e5a45bdf5aea19558907,427982,422810,431196,429172,413719,426889,NA,NA,NA,NA,NA,NA,NA,NA,NA,NA,NA,NA,NA,NA,NA
8fd3043e4654206fc9da9f1cd9680ae9483c134a,422847,427088,420075,424760,424189,426316,431746,405010,416486,423967,432675,430651,421085,422099,415356,424876,430493,432525,432834,430269,NA
903c1f0cde567b417599154ee4c13afd94d7be42,432704,415911,419638,419511,430667,429991,425239,427014,NA,NA,NA,NA,NA,NA,NA,NA,NA,NA,NA,NA,NA
911619f798f5ea4337b3739e35714092ca2ee71f,403860,422890,412168,411382,422763,405514,428346,NA,NA,NA,NA,NA,NA,NA,NA,NA,NA,NA,NA,NA,NA
9145fb243d9af2515f2cb563cf9db371d1ed3586,429252,431228,431578,431499,430459,421695,432289,432671,431752,430315,NA,NA,NA,NA,NA,NA,NA,NA,NA,NA,NA
918b5dfa1a530dab72af17a3dc1c519c03b7bbbf,421824,393442,398958,421258,432765,410534,431126,404458,392545,NA,NA,NA,NA,NA,NA,NA,NA,NA,NA,NA,NA
92475076911c78c594265123f5ce119e81dfd67c,431542,425462,404879,432555,425961,423028,431712,NA,NA,NA,NA,NA,NA,NA,NA,NA,NA,NA,NA,NA,NA
928b27005eb1e34c9bfe72c282cb0a590f954eb0,428429,428116,411684,427511,427269,428563,429602,431433,420105,NA,NA,NA,NA,NA,NA,NA,NA,NA,NA,NA,NA
928dce5d0717de925cbdf0e868baa4401fd4938a,410174,422927,426042,426995,425828,430191,428281,432367,430402,NA,NA,NA,NA,NA,NA,NA,NA,NA,NA,NA,NA
931159704299e3ebb5b13aa942a250d368d0da18,411464,432376,425158,420771,410489,423874,422084,425278,427181,426159,432146,NA,NA,NA,NA,NA,NA,NA,NA,NA,NA
937333e22266e0f256bc245726bc58ea87404fbe,427298,410463,425031,429477,422067,424191,422849,420593,422901,415304,429343,NA,NA,NA,NA,NA,NA,NA,NA,NA,NA
9585edf48bdd52f02534b55d62d66138d1b124b9,412804,432242,418001,429282,429158,428100,420043,423916,NA,NA,NA,NA,NA,NA,NA,NA,NA,NA,NA,NA,NA
95eefc23f8cf99f8ffa98661686438b938c8efa4,421602,428524,426953,426110,426433,432520,416792,428492,419789,424344,421235,428182,418879,417697,418803,NA,NA,NA,NA,NA,NA
95f409c184a6256854aa534a9b5645861ff9ba1a,427219,426396,420798,422063,423776,424947,419713,413590,NA,NA,NA,NA,NA,NA,NA,NA,NA,NA,NA,NA,NA
96311ec53b9bf36d61f2befca9bb18a774a2cb0e,422188,420997,429990,406385,423126,406502,423210,431616,NA,NA,NA,NA,NA,NA,NA,NA,NA,NA,NA,NA,NA
96bf7ff3699bd2bed45a1b9a83a122574ab2c79a,432111,421592,400624,423298,431633,426303,393591,NA,NA,NA,NA,NA,NA,NA,NA,NA,NA,NA,NA,NA,NA
97b25d78a21e0415dd40bdf1c99ecebcc914b37a,416780,425203,410151,413438,414673,429331,420941,396979,402755,414254,402247,421624,NA,NA,NA,NA,NA,NA,NA,NA,NA
9829ff137b13c207fbb0c179daf119f70e747894,406092,415772,429363,409546,426917,416767,418098,429242,428538,428120,423312,418562,418529,NA,NA,NA,NA,NA,NA,NA,NA
990717427881f80be9e132d229f2d9d7c2adcf93,430395,431687,427399,432166,428564,427254,424885,418798,431627,NA,NA,NA,NA,NA,NA,NA,NA,NA,NA,NA,NA
991db99271a6c4813b510f4f0ea43acb2e66399b,407334,423078,423753,412711,420607,424235,NA,NA,NA,NA,NA,NA,NA,NA,NA,NA,NA,NA,NA,NA,NA
994343aeb68185784821406443dd0b2a3538c9b0,432136,426121,414431,425871,418870,422054,407971,420104,432201,421831,417420,421907,419783,422682,425476,NA,NA,NA,NA,NA,NA
9986321ad7815f911ed26962b6e93591d584a48e,421623,433246,410202,425234,414358,430193,427491,431506,423318,397501,419825,422287,425328,403087,NA,NA,NA,NA,NA,NA,NA
99f8604df062078a9b6e397ab16d6604c8f35c03,432104,427148,428353,416463,412779,419821,428636,429278,432297,429161,429018,427524,432398,421081,NA,NA,NA,NA,NA,NA,NA
9a0441ce69a5c9bd3417a51db65feeacf5abeaf7,415749,425194,429579,414687,430046,426280,425881,432311,425335,431399,NA,NA,NA,NA,NA,NA,NA,NA,NA,NA,NA
9a0cb94e6e15e65f89ced604c7ec33fbf13dbe89,407500,422220,426234,419911,421840,425111,386605,420101,NA,NA,NA,NA,NA,NA,NA,NA,NA,NA,NA,NA,NA
9a6c11471fe651e70491e798738b8c070a595a36,420214,432817,413766,432202,424416,430648,427353,426044,420835,420550,432429,420597,429198,426075,NA,NA,NA,NA,NA,NA,NA
9bbe527136739ec1099035ac634efa34f72f7b6b,426987,427974,425937,392801,427281,425024,NA,NA,NA,NA,NA,NA,NA,NA,NA,NA,NA,NA,NA,NA,NA
9bd86c5e7a9745461f4b340e8f73cb8521fee755,430155,425946,415800,419139,424816,432690,414681,414701,425967,427260,396825,427073,432389,NA,NA,NA,NA,NA,NA,NA,NA
9bd96a54ef8c2b28f8d5a0558558b654eaa4b021,415796,427568,408426,408096,401726,417690,428130,390719,NA,NA,NA,NA,NA,NA,NA,NA,NA,NA,NA,NA,NA
9c54730a1293d1fe088fdf63b280c8589366c65d,430560,427198,427189,407098,430134,401793,420645,422302,395797,421844,NA,NA,NA,NA,NA,NA,NA,NA,NA,NA,NA
9ce32f6db0282eff16cd6ad241e38331adce1a31,427289,423898,424244,433161,421989,429330,427107,430631,426259,432407,NA,NA,NA,NA,NA,NA,NA,NA,NA,NA,NA
9d14e02144a240be91edc9bc6e4cddf939469669,425403,425829,406533,430105,421612,422829,397527,421268,425463,NA,NA,NA,NA,NA,NA,NA,NA,NA,NA,NA,NA
9db025039f6012901caf38da1fdede1c729a01f2,431457,426032,423906,421677,420183,424140,416873,430110,NA,NA,NA,NA,NA,NA,NA,NA,NA,NA,NA,NA,NA
9dc67a34702c19e722db51ef4edb4290ace814f1,431505,428639,431770,431598,418451,430075,430681,427345,424961,NA,NA,NA,NA,NA,NA,NA,NA,NA,NA,NA,NA
9dd47e803ae5cca8bdc69fde7be1f2433dac4c55,425058,429461,421877,420218,387536,422814,NA,NA,NA,NA,NA,NA,NA,NA,NA,NA,NA,NA,NA,NA,NA
9e38ac9f54c123365d14490afc0776f9881076e1,432824,430235,432646,427494,418446,432668,418459,429377,425990,431597,429255,433320,NA,NA,NA,NA,NA,NA,NA,NA,NA
9e4c7a8206fe68201f99d144a1df7984b922972e,430008,428986,407974,414278,420225,431495,NA,NA,NA,NA,NA,NA,NA,NA,NA,NA,NA,NA,NA,NA,NA
9eb3990cebcce6dcb5a8d0226d1d931384353204,429295,410180,421207,431663,414394,413544,425314,NA,NA,NA,NA,NA,NA,NA,NA,NA,NA,NA,NA,NA,NA
9ec8ba368c5da6304df0f7f01ece4a8e2695b4b7,428227,429042,417949,427174,428104,432169,403377,430530,432236,428401,418121,407964,429625,431330,428125,429030,433353,NA,NA,NA,NA
9ee16d50d599934a9f85b8adfeb6a782ea638f6d,428582,416429,430541,430543,423024,422731,432711,431563,427462,428424,NA,NA,NA,NA,NA,NA,NA,NA,NA,NA,NA
9fe849539bd4cfb701fa36eb561a1a5c82ab4911,429553,427290,400706,427060,427906,407367,423103,430642,420788,416477,NA,NA,NA,NA,NA,NA,NA,NA,NA,NA,NA
9ff2c6cca78010909f8daa73a7d1e13520be4edc,422806,426185,426948,431689,416988,430087,433294,428276,423149,431201,429286,419996,432417,429640,431314,NA,NA,NA,NA,NA,NA
a09fe80e5601116155771f2cab90fcb68a6256f0,406132,411363,425929,424028,403200,420967,422981,427150,426131,421689,432357,414711,NA,NA,NA,NA,NA,NA,NA,NA,NA
a1ad13474b78ca467d5151d1f1264fa9d5a2023b,428409,431095,431042,432722,426258,421629,432512,432372,426227,415297,425816,432818,NA,NA,NA,NA,NA,NA,NA,NA,NA
a1e2eedd047f62162af322cca5d772fd7a3b5fc9,430015,430388,410428,420667,410253,417893,422258,411171,416552,422641,415688,NA,NA,NA,NA,NA,NA,NA,NA,NA,NA
a1f85b9b5875b314c9f53d53bdedb3470c8a4a44,426905,426933,416516,425109,421088,433408,423351,422670,427376,432763,NA,NA,NA,NA,NA,NA,NA,NA,NA,NA,NA
a234b3117dbc8ade28f6bec186e387dfbaf5fe33,430485,423343,432329,419623,426037,428325,426427,419944,424201,NA,NA,NA,NA,NA,NA,NA,NA,NA,NA,NA,NA
a24891cec40d2d96da91e689decd8d7fb29b20e7,415487,423702,429562,NA,NA,NA,NA,NA,NA,NA,NA,NA,NA,NA,NA,NA,NA,NA,NA,NA,NA
a2ba216be863a202ccbc26072de7e95062c8412d,430686,418638,427274,430614,423352,433313,433166,421070,NA,NA,NA,NA,NA,NA,NA,NA,NA,NA,NA,NA,NA
a2ef1abc60ffd710d336d08039978a7f563e6c88,413355,403787,431522,411143,429607,413623,432271,414492,NA,NA,NA,NA,NA,NA,NA,NA,NA,NA,NA,NA,NA
a3b494a74d517e7846b91d43beb7b34fbf49be91,413578,385580,427468,412746,428275,402817,410244,430290,426165,406004,415300,412641,403159,NA,NA,NA,NA,NA,NA,NA,NA
a439daeb8cfa1d53ac81116250481582430af07a,431599,428455,430398,417656,414808,430501,NA,NA,NA,NA,NA,NA,NA,NA,NA,NA,NA,NA,NA,NA,NA
a4d6bfa1eca3ec65ea608a87b98d50290e659aba,412332,426273,419700,422642,429556,430031,426275,426081,425221,430434,429281,431140,429226,419616,433196,NA,NA,NA,NA,NA,NA
a4eb1a7ef1073deeb38fdc1b5b8ad9a52fe070e9,425248,368704,388553,419827,393555,NA,NA,NA,NA,NA,NA,NA,NA,NA,NA,NA,NA,NA,NA,NA,NA
a548e47d9ed360c90ee64ee687351ff18c83e06a,415648,400677,401142,422222,426345,410361,414520,NA,NA,NA,NA,NA,NA,NA,NA,NA,NA,NA,NA,NA,NA
a5a59623d1df1b2e1d41225a34dff997a55bd3b4,411635,423730,430111,427294,411693,423758,421919,421891,429657,431558,410474,NA,NA,NA,NA,NA,NA,NA,NA,NA,NA
a5c5587315a42eb653dd7a072c96336d7eeb045d,424960,426912,423037,418917,431382,419612,425167,422236,NA,NA,NA,NA,NA,NA,NA,NA,NA,NA,NA,NA,NA
a61f680ea40f2d5d860808b84341735e618f3d2a,431527,430420,426151,417980,431448,431729,430627,432364,422993,NA,NA,NA,NA,NA,NA,NA,NA,NA,NA,NA,NA
a6faa2e31f2140c9f935c015ae3df4ad6d66d71d,431132,427329,429058,422232,432585,428406,430153,426966,400005,429560,429019,430583,NA,NA,NA,NA,NA,NA,NA,NA,NA
a71771accad6c05690b5f44dd87619a7418fbef8,423733,426326,424038,425874,420144,430387,431567,NA,NA,NA,NA,NA,NA,NA,NA,NA,NA,NA,NA,NA,NA
a71dcee7632ee1fcf25e91aa2dac4289be22fd08,428997,410417,416430,420994,431167,430582,430288,433235,428530,423975,417751,NA,NA,NA,NA,NA,NA,NA,NA,NA,NA
a7364f3ce3688e8f848222090d20dfd3ad029e2a,416761,402909,428358,425969,431721,429315,408496,426237,428543,419633,426957,432333,429168,NA,NA,NA,NA,NA,NA,NA,NA
a742a39238d8f234bcd4f35415ec7831849756db,432482,423201,428628,422182,420025,424111,414577,NA,NA,NA,NA,NA,NA,NA,NA,NA,NA,NA,NA,NA,NA
a767418b4e694fd3509a60157ca3fd580a80651d,422176,433342,426920,425836,431621,423791,430052,401801,432595,418748,423140,424113,431439,NA,NA,NA,NA,NA,NA,NA,NA
a78e70b27b68c7e8ea929bd01475b76a06c252da,426046,428494,430523,414274,427513,423731,421924,427552,430274,424759,430341,425051,428637,NA,NA,NA,NA,NA,NA,NA,NA
a85414162c0a8bb1531c3a03b441fa30b99538c7,422724,424093,428108,428306,432464,421748,430360,NA,NA,NA,NA,NA,NA,NA,NA,NA,NA,NA,NA,NA,NA
a8b11d708b46822cf356afdc54b65ae9d49a758a,428539,432379,432667,423141,430628,424308,428593,392803,430188,NA,NA,NA,NA,NA,NA,NA,NA,NA,NA,NA,NA
a95c8d786e2093b13d268ed3368c47969b33d42b,429511,427184,423974,419002,425825,419807,432566,426537,433282,423821,427129,431105,432798,428021,NA,NA,NA,NA,NA,NA,NA
ab8c4f9595d6d80acdd5bf55b0a73c0eea3ae419,428035,417783,419550,420779,427941,418013,431625,433221,432620,420720,426338,422787,425415,429000,426874,430634,NA,NA,NA,NA,NA
ac0d7ef09db03c4b98a655b9014db602cc89061e,413373,426959,411100,431626,430185,427561,382813,429474,432158,427267,421898,413790,425842,423019,421605,415634,419543,420623,424976,424098,418015
ac157e20f40dcc375684a03e132331ebf1825f72,429552,424072,413709,421784,431434,431668,432206,431396,433387,NA,NA,NA,NA,NA,NA,NA,NA,NA,NA,NA,NA
ac3b1d5f449241dab77b1c18163eb238d40114bf,429207,429055,419712,412400,423344,427071,394450,407018,422905,429423,NA,NA,NA,NA,NA,NA,NA,NA,NA,NA,NA
ac6fda318e82cf51c7a1c2f15846ecbbe5483104,408008,426423,418108,417574,427448,432099,428546,421670,423062,NA,NA,NA,NA,NA,NA,NA,NA,NA,NA,NA,NA
ad38e7295f57f151f589fa95ed883b39c777a1e4,415471,426348,414795,433234,422173,407601,402138,408187,403082,NA,NA,NA,NA,NA,NA,NA,NA,NA,NA,NA,NA
ad3ca24dafd08af0d7a557b69e620aae455bd5eb,433252,427179,428181,412454,428602,415375,433343,419959,427584,422126,430567,415679,NA,NA,NA,NA,NA,NA,NA,NA,NA
ada9e565e19669ab50af206d71639f758a0c9eab,390422,426849,380815,381222,429196,418474,433266,406426,428485,408237,420567,NA,NA,NA,NA,NA,NA,NA,NA,NA,NA
ade6010b47dbeaa96c1d1f3929d29b47fd6ffeba,425117,422772,420971,432467,413253,426138,424102,NA,NA,NA,NA,NA,NA,NA,NA,NA,NA,NA,NA,NA,NA
aff69c1dca7b60222ff76eaa31047581089791b1,431160,430443,423221,432200,430372,433395,431335,399891,430723,431173,422878,431373,416531,NA,NA,NA,NA,NA,NA,NA,NA
b011c8e043acc087b2a433640d5044a7d32bde43,419830,426299,431491,431043,430047,426329,427230,421827,429309,424123,422667,429413,NA,NA,NA,NA,NA,NA,NA,NA,NA
b034913675e38834ba51e856ee7805b1ca43f198,419813,425021,430570,432478,429148,425184,427077,420052,418689,395379,NA,NA,NA,NA,NA,NA,NA,NA,NA,NA,NA
b263faf74ad2900a368ea0915b3c3e4d3cb1cbb0,430445,410195,432542,428005,418982,NA,NA,NA,NA,NA,NA,NA,NA,NA,NA,NA,NA,NA,NA,NA,NA
b2b07435d6da89eb5f5013bbef02932149cd1dfd,426024,422926,425330,425913,407489,427043,401201,416451,NA,NA,NA,NA,NA,NA,NA,NA,NA,NA,NA,NA,NA
b2e5475651098a44592353be6d54493084c2dfc8,414609,421690,407125,406336,410384,414712,424983,430730,NA,NA,NA,NA,NA,NA,NA,NA,NA,NA,NA,NA,NA
b2f3a66b994a4113dc88ffe6b4d3025f98fdc65c,433277,430183,426034,424195,432189,425186,428368,433258,429465,431258,430289,NA,NA,NA,NA,NA,NA,NA,NA,NA,NA
b3006c5f4854d51bd0c5cd2d2f2f730f3890e1c1,431566,419917,426298,427538,416681,430491,429648,429442,428300,NA,NA,NA,NA,NA,NA,NA,NA,NA,NA,NA,NA
b3391a34ce980b067e84d2c0c3d5c0063c25a34e,428102,383847,422081,432405,405518,426135,NA,NA,NA,NA,NA,NA,NA,NA,NA,NA,NA,NA,NA,NA,NA
b42f4ce3144c4bcae88a0c89182e52c48b8838dc,431456,423134,409515,414434,412587,431367,415429,422722,428978,424349,431109,431704,NA,NA,NA,NA,NA,NA,NA,NA,NA
b45258bffd3f245bb20c9c27c49805c62201fd18,412676,409293,431602,409468,418512,405322,428507,424937,432741,422713,NA,NA,NA,NA,NA,NA,NA,NA,NA,NA,NA
b466e185c29eeb291a2cc95350408053cda5bbd4,391238,392407,400234,404276,433171,404208,427562,427937,406266,NA,NA,NA,NA,NA,NA,NA,NA,NA,NA,NA,NA
b4c975e4d98ac7a4c67a30f6f551a5320f1fa867,416455,414605,431232,421221,432090,428286,419662,431179,430396,430727,414674,NA,NA,NA,NA,NA,NA,NA,NA,NA,NA
b53e040fc8ec391f20e4c942c81a4e267aa14439,426478,426451,432291,411339,430297,432654,417470,432287,430174,424861,423792,431647,422652,428039,415332,409226,NA,NA,NA,NA,NA
b58e56c7a3b16e38f91ed75edc21441515c7aa42,431163,431124,429344,421869,NA,NA,NA,NA,NA,NA,NA,NA,NA,NA,NA,NA,NA,NA,NA,NA,NA
b61e17bf4d5a0d9ac73f2758f10e1143f0fa94b1,431645,420782,417803,427523,429583,411356,NA,NA,NA,NA,NA,NA,NA,NA,NA,NA,NA,NA,NA,NA,NA
b846ecc63428868526d2ba8fcd328254c5c6a3ac,423882,408402,426028,431197,432246,417897,430011,429031,427003,411458,404070,421665,416517,429369,396785,NA,NA,NA,NA,NA,NA
b981cae2f6ea13bf7f65c83afe2ceb31cbb77dc6,419667,421951,432607,419495,419822,417797,429682,417468,425915,433331,421810,NA,NA,NA,NA,NA,NA,NA,NA,NA,NA
b9b58efd0a75edb269a8a9aa2534bdb6e63e021a,417073,409655,411291,417713,413632,428069,411117,421135,430638,NA,NA,NA,NA,NA,NA,NA,NA,NA,NA,NA,NA
ba0ece0e383c4b1ef012525d368611b368824d52,408220,432516,414923,408242,422690,425192,424291,426026,428172,NA,NA,NA,NA,NA,NA,NA,NA,NA,NA,NA,NA
ba154c59d504c6a9225377416e5d481785ec2b2f,420820,429174,426863,423057,426897,421874,419699,420071,407420,412280,NA,NA,NA,NA,NA,NA,NA,NA,NA,NA,NA
ba49c024691520aa43f37cb242b321e9c62624ee,416528,422985,420226,420614,432767,420022,429159,417021,422297,402336,428055,417649,432587,423158,417976,412266,NA,NA,NA,NA,NA
bb58da6a3b8738457b6ef0b8f0ec9c0d9b82a399,430520,430108,430684,421593,427371,415695,428053,424740,413420,NA,NA,NA,NA,NA,NA,NA,NA,NA,NA,NA,NA
bbbcf8d521274d5e6ae84aad412932e291c019e2,422880,425004,429043,423895,431661,433213,418502,429341,430460,421808,430653,NA,NA,NA,NA,NA,NA,NA,NA,NA,NA
bcabcd1188c38cbd8eef041f0d052b44ba72a211,424401,427411,431101,427991,431733,433293,429571,420552,424910,NA,NA,NA,NA,NA,NA,NA,NA,NA,NA,NA,NA
bcc950c6d594d9429066f2a00f72ed533d544e3f,429200,429561,410757,432754,419745,424924,397138,NA,NA,NA,NA,NA,NA,NA,NA,NA,NA,NA,NA,NA,NA
be995ab03f50030c428090498adb5d8f7d7ca343,428350,426980,420151,430318,429323,427520,423176,421700,413848,431669,426315,406263,427554,NA,NA,NA,NA,NA,NA,NA,NA
bf414314f468400ef667d8033611ef73672c4b2b,404239,428214,428001,421728,422241,432423,433184,417544,428027,NA,NA,NA,NA,NA,NA,NA,NA,NA,NA,NA,NA
bf60a70279d7546c3d82a30dad9687c9d47df8ed,394704,401216,415345,427187,NA,NA,NA,NA,NA,NA,NA,NA,NA,NA,NA,NA,NA,NA,NA,NA,NA
bfe050b73c15fa039690ffdfe4bfab32aeecc58d,430449,428638,428261,421730,431475,429647,426444,426906,430432,425367,NA,NA,NA,NA,NA,NA,NA,NA,NA,NA,NA
c01e8f3bdd2b4fba0afcf196a6529b0ab4f4e67d,425243,397901,420148,418513,429310,420083,427588,412329,430405,428589,429014,420651,NA,NA,NA,NA,NA,NA,NA,NA,NA
c01f00343f42f7bd480a592dd1b886628e879569,427574,424965,421996,420993,432489,430498,402802,431649,425886,430088,NA,NA,NA,NA,NA,NA,NA,NA,NA,NA,NA
c0233d437f506944bd2f043038e29e29f2d8bc5e,425357,432565,430422,422764,370580,400176,428575,426528,423226,426250,422306,432735,411275,431737,NA,NA,NA,NA,NA,NA,NA
c0c3ac06dfe193822d656db95b9e440328f6186d,433147,424287,424013,424815,433305,428615,433244,429598,422288,426436,424872,419820,433289,428982,431615,NA,NA,NA,NA,NA,NA
c0efd5e0850d6fa865f86118f5756d9773a5a723,391266,413896,431408,413773,404250,418555,413716,406157,402981,421753,430246,NA,NA,NA,NA,NA,NA,NA,NA,NA,NA
c10aed91fcab469ba44838163bc1fd0839eb3426,412765,405910,395480,397612,407499,431780,415837,415713,NA,NA,NA,NA,NA,NA,NA,NA,NA,NA,NA,NA,NA
c12f962e8ba0a1c0a903d7440ea1aea5a356d548,432145,426880,430099,428952,432550,432412,NA,NA,NA,NA,NA,NA,NA,NA,NA,NA,NA,NA,NA,NA,NA
c1654e7948ccd977efe2861844b0b7fab968cbf3,430622,404394,415974,429088,432222,433273,428435,420212,NA,NA,NA,NA,NA,NA,NA,NA,NA,NA,NA,NA,NA
c1cc08432902528b3d88866407154b62d5237c71,420991,423745,404300,405348,411654,416907,414391,422819,412764,414690,431287,432295,429432,428024,NA,NA,NA,NA,NA,NA,NA
c258f9d461ee7bb0697391e2ff107690c71a9a35,433149,427237,430438,429167,424196,417789,433265,429233,NA,NA,NA,NA,NA,NA,NA,NA,NA,NA,NA,NA,NA
c27845c1fd2485ba332bd60b4f35700b282715e2,427433,419150,422899,415512,NA,NA,NA,NA,NA,NA,NA,NA,NA,NA,NA,NA,NA,NA,NA,NA,NA
c3427b78badbb2d0569db53846178a84e66c5b4c,410139,429649,418983,404039,430141,413411,404055,432554,420580,430229,431208,418617,426015,NA,NA,NA,NA,NA,NA,NA,NA
c3d97488777b1665fe21cc32df25f75e3760f27c,429026,418845,418096,432629,427053,421910,423063,425972,411300,430724,NA,NA,NA,NA,NA,NA,NA,NA,NA,NA,NA
c41e0d2f0a62a68bdfa43907a0d152a013a03f2b,421026,416031,428574,426300,411664,432399,428123,429199,417591,NA,NA,NA,NA,NA,NA,NA,NA,NA,NA,NA,NA
c4264b8ce66b243f8f58db98e60b0df116d80676,432219,429462,432527,417835,420745,431386,430442,432544,424369,NA,NA,NA,NA,NA,NA,NA,NA,NA,NA,NA,NA
c4d2804737d5590a1e915d4e9346036ba96410a3,421289,430068,419023,420802,431123,413260,431749,432812,432590,424770,NA,NA,NA,NA,NA,NA,NA,NA,NA,NA,NA
c5223f1dcc286808939ce869c621b1b78bd542f7,404876,420740,431401,430604,433377,421001,428412,394411,NA,NA,NA,NA,NA,NA,NA,NA,NA,NA,NA,NA,NA
c56af2c25b32ac66cdd3ba3540eab165983ea669,431734,425119,432687,403246,NA,NA,NA,NA,NA,NA,NA,NA,NA,NA,NA,NA,NA,NA,NA,NA,NA
c6b0634028bf11cf9357f25544c85c0649880384,430138,418842,432628,432695,429688,430621,428115,432400,402959,426896,NA,NA,NA,NA,NA,NA,NA,NA,NA,NA,NA
c6b65e339edc6c66605ecc7ec0f09a150a0fc072,413768,431660,428339,419697,396015,415871,400230,400885,427292,419005,431081,NA,NA,NA,NA,NA,NA,NA,NA,NA,NA
c6baead4111dc22d0e26d31ec66d595086e45fab,429446,427244,427947,432685,416036,392352,425036,NA,NA,NA,NA,NA,NA,NA,NA,NA,NA,NA,NA,NA,NA
c7417881d50c55b7aaff1419e41d1403ed1eb8a2,419558,416944,432637,408140,405352,415340,430475,425142,414855,430542,422326,425795,399904,399818,NA,NA,NA,NA,NA,NA,NA
c74929698b9955ce13f2acb93b3a2e6f12b90a40,427319,410158,431572,427160,433326,426010,417729,429213,NA,NA,NA,NA,NA,NA,NA,NA,NA,NA,NA,NA,NA
c754b0c0368392edc8b33b173d757ae3f6df9820,430599,421604,425460,431776,433399,432660,429257,422936,430038,NA,NA,NA,NA,NA,NA,NA,NA,NA,NA,NA,NA
c776796653865f71dd1121eead0ca9a0e9ea7da0,418051,417065,432186,425007,430588,424023,398543,431307,427548,431214,431679,422135,NA,NA,NA,NA,NA,NA,NA,NA,NA
c79cb354ea8bc5e3bee4e6ed3c6c479aaba87862,429376,433314,429185,432284,425844,421284,432506,430650,419839,NA,NA,NA,NA,NA,NA,NA,NA,NA,NA,NA,NA
c7a8ad08993fcacc3a604ee711df0205fd2715f4,417735,414480,420721,411423,412739,423248,417899,419590,412181,421597,430202,423949,432833,409481,420786,NA,NA,NA,NA,NA,NA
c8474bd00d0ff2e33993eb845e2cc63c97fb5290,416935,427509,433202,431767,411494,429622,424798,429400,422282,408511,423051,402328,414670,424325,432319,NA,NA,NA,NA,NA,NA
c85832c69934a7ffbb46efc39e23d119339d0c5d,427919,425902,424839,418786,422791,423859,430195,421596,417757,422748,426332,427154,431696,NA,NA,NA,NA,NA,NA,NA,NA
c8d3df9f631c13e0e39603ab67b62f9b47012313,433157,426243,427312,428597,425103,424870,432128,419140,430257,426926,430192,NA,NA,NA,NA,NA,NA,NA,NA,NA,NA
c99bf7dd40d1b5aa902b0ea24eb41e1d1aca87d1,429992,424749,422194,421970,429194,426855,427235,425302,419970,410723,421127,NA,NA,NA,NA,NA,NA,NA,NA,NA,NA
ca22bc9391d7ed6963c02b4a14c06cddfc44c885,432110,430451,426378,405212,401710,427283,431608,427049,429517,430680,414537,430253,NA,NA,NA,NA,NA,NA,NA,NA,NA
ca78d6915a6740e5533bb213c6ea93f8269ff122,421057,428428,430639,423224,426041,425970,NA,NA,NA,NA,NA,NA,NA,NA,NA,NA,NA,NA,NA,NA,NA
cafed6d990ef9b597f972805659c1e7970ab699e,376559,421948,393566,384448,380983,404050,NA,NA,NA,NA,NA,NA,NA,NA,NA,NA,NA,NA,NA,NA,NA
cb46fae69e3bf5e7ad11c0260b6ad6c83f7f38d4,432624,430715,427456,432117,428617,431360,428301,423087,423835,NA,NA,NA,NA,NA,NA,NA,NA,NA,NA,NA,NA
cc43292de459a83400bc28bfc6854cc1434e37c7,431222,431403,431387,425919,433434,423090,427406,431176,NA,NA,NA,NA,NA,NA,NA,NA,NA,NA,NA,NA,NA
cd00f6ec5a4cb489686a5e3d9cae98b93e71c769,393399,424383,415427,424068,389445,401911,NA,NA,NA,NA,NA,NA,NA,NA,NA,NA,NA,NA,NA,NA,NA
cd57efbede805fb4f2d2e46535881c583192444d,429133,428109,423914,425097,411669,399735,420069,401671,413663,426500,421030,421828,413687,412692,424351,420660,NA,NA,NA,NA,NA
cd6a6a5bba8ce1f00394e2501908aca664228b1a,427586,430419,420585,429141,420632,429528,423376,NA,NA,NA,NA,NA,NA,NA,NA,NA,NA,NA,NA,NA,NA
cd797ca46b45043a8ec4fa9680c5aff4f5462b00,429568,425285,432277,427020,416620,423924,420076,416525,NA,NA,NA,NA,NA,NA,NA,NA,NA,NA,NA,NA,NA
cec27fd609847af91e9fddcf721454571a664af1,371426,388126,409376,423183,410146,394318,423199,383807,432613,428240,432239,400091,384905,384209,NA,NA,NA,NA,NA,NA,NA
cf2de270f9ada4c277f44d7a776fadd309df9ba9,415753,423047,431545,427265,406323,418097,426059,427196,421829,425270,422919,NA,NA,NA,NA,NA,NA,NA,NA,NA,NA
cf4daaedc66945a7f140dbf91b3c119f070ba124,428519,424132,424825,430056,421726,426425,431394,409386,422103,390110,426927,421818,408581,NA,NA,NA,NA,NA,NA,NA,NA
cf7911c8e57b3ba32dafee0f2ff58e480815100b,428092,417532,433240,420986,422730,432515,426994,425903,425818,NA,NA,NA,NA,NA,NA,NA,NA,NA,NA,NA,NA
cf7e359a909ae1cda3425720eea49e1e0e857c52,426350,427375,429271,431308,432404,428949,430581,429429,431393,NA,NA,NA,NA,NA,NA,NA,NA,NA,NA,NA,NA
d099bb29f63e74c72c5b65bf792df7713b49b229,415474,429007,422078,425834,419173,429306,430607,430216,421797,421927,NA,NA,NA,NA,NA,NA,NA,NA,NA,NA,NA
d16a8185ca857308390c3d027bf0306ef9318150,411272,430575,428569,430515,425136,423316,408546,410785,415653,404411,NA,NA,NA,NA,NA,NA,NA,NA,NA,NA,NA
d16fb43f4b272bc409e2402761b5981a9520f5b2,430733,428278,416776,416425,429531,423250,424128,433301,428946,430437,429683,429267,NA,NA,NA,NA,NA,NA,NA,NA,NA
d1c0adb2271368a2ccd1cf172434a05a71dbf570,420034,431419,425416,412518,421737,416505,422833,423968,428531,432730,426375,430200,NA,NA,NA,NA,NA,NA,NA,NA,NA
d1c6dcdc74c9e35c3436ae788b2106bbf0e01c3e,423317,418516,421159,404129,429017,429383,430077,432293,418026,NA,NA,NA,NA,NA,NA,NA,NA,NA,NA,NA,NA
d234d9d199f138b49753a8f7ab369d2bfba22d43,432769,432642,433269,431664,433352,412298,428979,423002,432678,431113,NA,NA,NA,NA,NA,NA,NA,NA,NA,NA,NA
d27b67187ade1d3ac64ed51bf11edaefa1b51e05,432694,409254,410641,431700,429243,427896,421698,421105,420930,420106,NA,NA,NA,NA,NA,NA,NA,NA,NA,NA,NA
d27b7e839b696b859f0c7bcee9ac6bb8bf596439,430683,407446,398730,416016,413309,419663,420046,NA,NA,NA,NA,NA,NA,NA,NA,NA,NA,NA,NA,NA,NA
d2cb33be67ed62508db5c804dcb9b20b261adb1b,425904,426096,400724,420619,429358,426876,421972,430482,431337,414331,NA,NA,NA,NA,NA,NA,NA,NA,NA,NA,NA
d323bdfbd51d630a5ed8e4f0433b9c23c27606c1,431560,428284,433360,431520,429472,417439,429044,426322,399027,419946,431501,423843,NA,NA,NA,NA,NA,NA,NA,NA,NA
d39f24757cdf2d3abc2513cca17a246c3fe2075b,422956,419039,423263,426359,431435,420122,429277,422698,424107,420178,432335,416342,421009,421859,NA,NA,NA,NA,NA,NA,NA
d3da46bc775fbfd6667e6cc95751fafb1b2f0c93,417781,432375,427415,433421,429130,431246,433415,NA,NA,NA,NA,NA,NA,NA,NA,NA,NA,NA,NA,NA,NA
d41ba900214ec71d380635197c8b00a3d4a01241,411823,428254,421769,431666,421274,427900,420108,421014,430407,NA,NA,NA,NA,NA,NA,NA,NA,NA,NA,NA,NA
d54c548d98c087eb2c0bcfa4f2fa3a3c2292c261,392760,417997,433419,428433,424124,NA,NA,NA,NA,NA,NA,NA,NA,NA,NA,NA,NA,NA,NA,NA,NA
d59a655c8a1078e9d5388ad8ebdbe0a7712f8c9a,431195,416396,424390,430712,432821,427374,424865,413530,429095,433371,427128,420044,421618,NA,NA,NA,NA,NA,NA,NA,NA
d5b74d97b9b449b72455350242089a90c66debf0,415896,390317,395640,405496,NA,NA,NA,NA,NA,NA,NA,NA,NA,NA,NA,NA,NA,NA,NA,NA,NA
d64cfe79b409e995e0c99a838ea639e8a295a533,408538,432332,422129,420578,430342,429020,425080,NA,NA,NA,NA,NA,NA,NA,NA,NA,NA,NA,NA,NA,NA
d6f743b7db184e9e4744c81f1a6600a49217a769,425124,416747,430679,430647,425037,407197,414655,422157,403161,NA,NA,NA,NA,NA,NA,NA,NA,NA,NA,NA,NA
d77cc29f4416376baac9c5d8801db9c2d510a074,418483,407444,432221,432301,430325,408507,424419,424095,421054,427460,430239,417062,NA,NA,NA,NA,NA,NA,NA,NA,NA
d793fcab2ad06e4c6fb8519c38e30acdb36f8c0a,420719,431725,433180,423732,430652,418669,420211,432447,420193,427473,419040,NA,NA,NA,NA,NA,NA,NA,NA,NA,NA
d795b3e066ad9136467aa9b22196cb7a0dcac73e,418095,423375,433176,427383,422250,429337,421632,433272,415316,NA,NA,NA,NA,NA,NA,NA,NA,NA,NA,NA,NA
d86269f7b51be6898423c65ed2e14379375a45be,421091,416490,422947,433392,400682,417522,417495,NA,NA,NA,NA,NA,NA,NA,NA,NA,NA,NA,NA,NA,NA
d8778d99b0a8ac4e6d6ceac9f73f99e6d446d407,416696,418987,431561,427403,415439,409291,419836,423380,432296,401228,402914,405003,431502,NA,NA,NA,NA,NA,NA,NA,NA
d88cf84cc8140a281ba91e5624aee36e3ad68dfd,423762,425293,418806,430245,425159,424745,430477,431235,428048,410210,NA,NA,NA,NA,NA,NA,NA,NA,NA,NA,NA
d916b5a6147319b864f179fbf01e3ccbebe996f1,420905,432819,415739,432547,423690,421139,433328,424303,427565,427546,432269,427076,433439,432633,422955,NA,NA,NA,NA,NA,NA
d98391e541d1b0664ab20a5d39156132078ff126,415666,431574,424959,407501,429154,428968,425440,NA,NA,NA,NA,NA,NA,NA,NA,NA,NA,NA,NA,NA,NA
da2374f434c7e511a49bc861112282e2b4438d4a,426130,430201,426073,432362,424762,425149,431051,429428,NA,NA,NA,NA,NA,NA,NA,NA,NA,NA,NA,NA,NA
dacc5a25d9eb07f70cff9ef6de238d3383ec3871,431376,425171,426126,428969,428153,427158,432292,432839,419006,419831,416829,432152,432616,431711,428248,NA,NA,NA,NA,NA,NA
dc59da8f52a1bc96b2262ce3564e67930e3c1603,421969,407228,431303,433322,431595,431472,427392,NA,NA,NA,NA,NA,NA,NA,NA,NA,NA,NA,NA,NA,NA
dca7166bcad18d5593e76eee9378e98543475b4d,408569,423285,418731,431594,404013,417441,403027,431484,NA,NA,NA,NA,NA,NA,NA,NA,NA,NA,NA,NA,NA
dcbe11e187df09e1253bd96b20b9cc7d06a306fa,423711,431312,400751,424296,432810,415589,431758,409463,426355,430232,421591,421086,399650,404919,426038,415971,425294,428450,NA,NA,NA
dd12bdae30adcbd6640a11989a3db465c5e7f8cc,425943,426400,416938,429324,412384,430464,419842,418581,427480,407431,NA,NA,NA,NA,NA,NA,NA,NA,NA,NA,NA
dd6a23ec4acc2f5ea5c9be9998edb585870eff2d,432098,417616,415328,420184,430644,421851,419711,424006,430620,NA,NA,NA,NA,NA,NA,NA,NA,NA,NA,NA,NA
dd74c91c37ac798e4035cdf9edf35d72d609559b,428399,432468,422944,421887,428075,418742,430524,433402,431629,NA,NA,NA,NA,NA,NA,NA,NA,NA,NA,NA,NA
deafc8df529a757c7306489b2be2320c1feb1df8,428206,432160,429487,429654,427362,433390,421804,430030,415755,431323,432234,427476,425226,420907,420807,425958,430032,433185,NA,NA,NA
df63d8800bbd7c167b4270b542e917d97a415262,387333,430158,411125,417007,430306,418691,420109,428945,430461,399556,415675,400133,421776,405491,425017,424846,404231,420576,426847,NA,NA
dfc4c409622329b29c0cf91d395b8b17a42fb83e,428474,411112,431761,427518,431224,433217,424834,428169,432638,425924,NA,NA,NA,NA,NA,NA,NA,NA,NA,NA,NA
dff1642bb5fae0ee40c2994651d68f6807028f13,426439,414871,374967,430540,403955,402114,399116,424274,426481,402227,NA,NA,NA,NA,NA,NA,NA,NA,NA,NA,NA
e04d98f37ed2f8417d6d46143bafc9c8b28e7e2a,424003,425343,NA,NA,NA,NA,NA,NA,NA,NA,NA,NA,NA,NA,NA,NA,NA,NA,NA,NA,NA
e051b596a2af79ce687d1ee0c5d487a2b037c63d,417014,393856,395389,426434,431405,425131,391331,418787,429318,NA,NA,NA,NA,NA,NA,NA,NA,NA,NA,NA,NA
e051fa867e161ac13b107f1e962839ecfb852889,417725,432709,406499,420159,432538,396391,NA,NA,NA,NA,NA,NA,NA,NA,NA,NA,NA,NA,NA,NA,NA
e1442e28f3c53cc6de124c5887bff91697e1cd4b,431760,432354,430311,420120,426922,426532,416485,429155,424137,NA,NA,NA,NA,NA,NA,NA,NA,NA,NA,NA,NA
e14635905caab41b5c2fb388c0ad605a86ec1bda,427952,429529,425092,428367,425474,430677,425160,431650,421866,391401,NA,NA,NA,NA,NA,NA,NA,NA,NA,NA,NA
e1534793c117e46f2b93111d9b31f2da599eadc9,429993,395002,431355,406923,430223,423794,386240,430549,409563,NA,NA,NA,NA,NA,NA,NA,NA,NA,NA,NA,NA
e1bf51c516ad19649f740640db27e688f8c43ce3,425891,415825,412260,399838,424322,408615,NA,NA,NA,NA,NA,NA,NA,NA,NA,NA,NA,NA,NA,NA,NA
e2b627d582955860732ce121025866302a441d08,413703,420962,428629,430403,426852,418575,420755,428210,427033,426916,420223,NA,NA,NA,NA,NA,NA,NA,NA,NA,NA
e381bd91e5f90be1e8da6e9fc0d01c69a137c90e,422316,432443,425406,423198,416511,420969,422796,431242,NA,NA,NA,NA,NA,NA,NA,NA,NA,NA,NA,NA,NA
e3954159882419940f3eddde1276c3bcacf5c25a,432327,431659,406028,414801,398627,426224,392749,403330,380706,NA,NA,NA,NA,NA,NA,NA,NA,NA,NA,NA,NA
e397010873c7395596311d139c49e08fbc8df82a,429177,425132,430615,428366,430377,432129,429225,NA,NA,NA,NA,NA,NA,NA,NA,NA,NA,NA,NA,NA,NA
e3e32ac05e74c2bf09e4eeded19474de72f5d323,410640,417935,392473,414763,415922,412506,381088,NA,NA,NA,NA,NA,NA,NA,NA,NA,NA,NA,NA,NA,NA
e46305805b09f511f742a1ea27ec8738c7c020b3,424753,401948,426078,408275,418080,432107,422725,422193,432414,429067,418890,430736,418615,430436,429686,425144,424810,NA,NA,NA,NA
e4c80fd3a4f70e1bc81d260705c89be4f12b05d6,425408,431322,415806,410755,427920,427162,432220,NA,NA,NA,NA,NA,NA,NA,NA,NA,NA,NA,NA,NA,NA
e5eac2aa7d22f1038dcfb176f9a10aa66633bd1c,428552,432369,423106,431362,422883,428489,415780,418020,419537,426520,408253,NA,NA,NA,NA,NA,NA,NA,NA,NA,NA
e6544d0e7da1f27b2b772822488c2e606f3d690f,422691,420560,425125,425322,431088,432523,427454,428497,425887,425323,431509,406940,NA,NA,NA,NA,NA,NA,NA,NA,NA
e682d988e8b046a0e2520a4c044d10f34fa11f39,423359,432218,429350,429054,431607,420039,427895,420978,429254,NA,NA,NA,NA,NA,NA,NA,NA,NA,NA,NA,NA
e6e5052e134755376320e82fa52e3f79b619a73a,387156,404118,391541,413831,400850,416659,423124,399122,431270,426152,422311,422752,406585,398871,NA,NA,NA,NA,NA,NA,NA
e7f347c89090f835cb49ad683f6436c9af6ab9c1,433380,417038,423831,390803,430034,420070,403848,NA,NA,NA,NA,NA,NA,NA,NA,NA,NA,NA,NA,NA,NA
e83ce0daa7ba3e6bbe6e8458b418727402bf565b,405892,416653,432800,420855,410252,423247,418616,424228,403004,423748,421002,NA,NA,NA,NA,NA,NA,NA,NA,NA,NA
e90b10d1a4cdc47fbfebd3f62e4cba5cd18dd6de,370201,366591,407005,395468,374575,376707,NA,NA,NA,NA,NA,NA,NA,NA,NA,NA,NA,NA,NA,NA,NA
e94ba220bdd21ff16a6f2a4a0bc11acfd5ce2e50,416582,421644,428015,413936,424305,430596,395381,422816,NA,NA,NA,NA,NA,NA,NA,NA,NA,NA,NA,NA,NA
ea4f38eb3f36967f21ebb205b4410a5dc28c875f,400096,424126,399670,429525,416037,424892,NA,NA,NA,NA,NA,NA,NA,NA,NA,NA,NA,NA,NA,NA,NA
ea6856c481a6016db8690f62e70581e77d3e1cd0,424814,432768,407556,412666,403982,404432,408043,418535,416416,426370,NA,NA,NA,NA,NA,NA,NA,NA,NA,NA,NA
ea85dfa60c8f78e8e62da4ae555d1b334b0735a2,408003,406532,432632,413437,425011,430061,422648,424002,424805,408520,NA,NA,NA,NA,NA,NA,NA,NA,NA,NA,NA
ea92d64ce6a6f0dc1c796cec1820c04c71f63d59,388593,398074,422207,432173,429667,430264,NA,NA,NA,NA,NA,NA,NA,NA,NA,NA,NA,NA,NA,NA,NA
eaadf672ae1c7b59f3c1c8936e4a0e1f7449be45,424065,418840,429296,428440,430020,419877,NA,NA,NA,NA,NA,NA,NA,NA,NA,NA,NA,NA,NA,NA,NA
eae4ae156d5e89ee0623ed3f9910977f5f9e76e5,423877,421936,415784,413443,426093,422902,431606,429311,432141,409672,419720,NA,NA,NA,NA,NA,NA,NA,NA,NA,NA
eb414a2a80e7d1af61ad7ccb56ec3acdfbcb8e5c,431415,413579,421028,431763,428289,425872,426422,421792,432535,NA,NA,NA,NA,NA,NA,NA,NA,NA,NA,NA,NA
eb6babfd768627857dca08df1d0db53a0b45e51e,420999,431591,430221,415559,422007,431252,428003,428264,421926,383225,426373,432320,413797,NA,NA,NA,NA,NA,NA,NA,NA
ecbe9fbc082b1c19d535c6fa74bc8e6515abed4e,388080,411263,425175,420885,409106,NA,NA,NA,NA,NA,NA,NA,NA,NA,NA,NA,NA,NA,NA,NA,NA
ecf362b5a051b81f45c72a214deefa70ec62acc0,397868,424405,415342,427307,413275,416654,386968,422116,428490,404450,407388,NA,NA,NA,NA,NA,NA,NA,NA,NA,NA
ed047f9d9c43c744c18aa46309bffb74824ec345,431624,427064,429453,424995,NA,NA,NA,NA,NA,NA,NA,NA,NA,NA,NA,NA,NA,NA,NA,NA,NA
ed444210d348d3e3f391d3e679541a4564c93a98,431642,412412,412311,431389,408135,392621,406165,429348,NA,NA,NA,NA,NA,NA,NA,NA,NA,NA,NA,NA,NA
edde25366a6d1d9c141667a74ac12af5e1e73a6d,406421,431171,428142,426313,424106,433238,432776,428197,422204,433411,433312,424427,433287,423778,424918,423112,NA,NA,NA,NA,NA
edf6aa39bb0f1b4a9517b92aeee845702d63dc59,432552,421164,432227,424312,427335,431674,430546,415456,432480,429480,430462,NA,NA,NA,NA,NA,NA,NA,NA,NA,NA
ee02ec78e3e98d73ef74ed2656b5ebe28a436742,414817,423330,407515,409513,409533,414833,410494,421195,411216,422337,423334,425370,423958,420701,NA,NA,NA,NA,NA,NA,NA
ee88e378ccc9641b6cc6cb0c9f5cf9130fd718f9,422219,422010,430115,424177,432413,421958,430089,423858,NA,NA,NA,NA,NA,NA,NA,NA,NA,NA,NA,NA,NA
f0dfe3d9d1f965ab377069a179e583b1f0b930ec,433205,427143,428121,423194,429485,425337,NA,NA,NA,NA,NA,NA,NA,NA,NA,NA,NA,NA,NA,NA,NA
f1a4da3f82ee62848c3e94acb36352f54a90c7d9,376632,374600,377654,388324,365297,403434,NA,NA,NA,NA,NA,NA,NA,NA,NA,NA,NA,NA,NA,NA,NA
f360027d9eb158bc3485758528bcc604ff772ea4,429466,405925,411109,425082,429498,428132,427217,432193,423297,408521,421935,424334,433173,430554,NA,NA,NA,NA,NA,NA,NA
f436ad123bf127ac3d8f07ee25a67770b1d2711c,419734,431676,424913,424267,NA,NA,NA,NA,NA,NA,NA,NA,NA,NA,NA,NA,NA,NA,NA,NA,NA
f48f1642a32b994706593e62c9bf94533d457bc1,427156,433179,427437,430284,NA,NA,NA,NA,NA,NA,NA,NA,NA,NA,NA,NA,NA,NA,NA,NA,NA
f5cfa0d58d4e8f3e08006d3cfa45e1c6bb00f768,418695,432511,391855,422198,417928,406369,421954,432310,417791,NA,NA,NA,NA,NA,NA,NA,NA,NA,NA,NA,NA
f609637af457fa9c3780de556f71f12e8cb6c5d5,431384,416752,432460,415754,432260,421156,425196,432727,433318,431420,NA,NA,NA,NA,NA,NA,NA,NA,NA,NA,NA
f675f6e052aee7c9af3eda131517879dc6adcc16,431097,392676,423190,390543,431050,418690,411188,NA,NA,NA,NA,NA,NA,NA,NA,NA,NA,NA,NA,NA,NA
f6cf4331ed8a202179a56d5664780e459585ed91,415547,422966,419562,427065,408626,NA,NA,NA,NA,NA,NA,NA,NA,NA,NA,NA,NA,NA,NA,NA,NA
f6d037357a25e47f42d67b6c77ffcbd5add589ce,412401,423009,419542,423873,428626,403153,406440,421138,402953,429641,NA,NA,NA,NA,NA,NA,NA,NA,NA,NA,NA
f7a21d81ea12a90127ec76f1ad98ba2f3a337886,425405,410241,419056,414727,424817,428274,427946,420666,430194,430086,429998,425467,NA,NA,NA,NA,NA,NA,NA,NA,NA
f7ae7d369983d6a2f874c545aecbf3f84db28319,429114,426157,431244,428586,432706,422858,423867,424420,425069,NA,NA,NA,NA,NA,NA,NA,NA,NA,NA,NA,NA
f8c490c1f48d785f37e6d537f6bbdeea1aded5ab,431535,430237,415918,429541,430425,426923,424989,430729,433198,NA,NA,NA,NA,NA,NA,NA,NA,NA,NA,NA,NA
f8cf94e0a2d08c3cc31985f754d1cb7296c40554,428632,419735,432816,419549,432280,425815,430170,415937,423768,426029,428251,423307,419045,429223,427452,414854,NA,NA,NA,NA,NA
f920ad34fae362a30b5b68cd8c86b42753613ad2,429551,432574,398896,433262,433338,415851,421856,431271,420939,432121,429302,427567,425449,NA,NA,NA,NA,NA,NA,NA,NA
f9228137d9c91bd58a6f915e15cef31157a8029c,425424,433433,433283,421826,428020,432312,428407,430595,NA,NA,NA,NA,NA,NA,NA,NA,NA,NA,NA,NA,NA
f9d77d276aff9f6f498c02b899b458ed60fe0627,431143,419578,425843,429112,422094,428566,NA,NA,NA,NA,NA,NA,NA,NA,NA,NA,NA,NA,NA,NA,NA
faa1e0aa61141c6f3840fe4189a19d43b3ee5bcf,409441,426016,397837,420571,431732,421218,429087,432345,NA,NA,NA,NA,NA,NA,NA,NA,NA,NA,NA,NA,NA
faf62bc2a9ba190bf9f36f21a2b2bf06cb43622b,431766,412278,426937,423202,431751,412842,418584,430465,430534,432634,423838,NA,NA,NA,NA,NA,NA,NA,NA,NA,NA
faf9680d9a16c5a90e4f99b16d6f29b01cfe64c6,424331,425956,431372,425354,416751,NA,NA,NA,NA,NA,NA,NA,NA,NA,NA,NA,NA,NA,NA,NA,NA
fb23723d24555535517516fff994f6def5ac465e,428555,429093,432534,NA,NA,NA,NA,NA,NA,NA,NA,NA,NA,NA,NA,NA,NA,NA,NA,NA,NA
fb9ac407edccc05cc02dbc723c43857a2b436520,424277,430612,426490,429380,422671,427019,NA,NA,NA,NA,NA,NA,NA,NA,NA,NA,NA,NA,NA,NA,NA
fbe735ecc03c3a2ae894338077ec8a66ed9e2e4c,417514,419530,415893,410317,426387,419705,423934,429334,NA,NA,NA,NA,NA,NA,NA,NA,NA,NA,NA,NA,NA
fbfdd6a1c32f28dbd47c4f74ad97c0678b17937f,409581,419846,423742,430728,398908,423007,424122,NA,NA,NA,NA,NA,NA,NA,NA,NA,NA,NA,NA,NA,NA
fc4919cf9c50a6c5fbd61a9bc8b84d63d332d68f,424896,424871,424404,429152,429291,424117,409176,419990,415787,419003,428139,420908,NA,NA,NA,NA,NA,NA,NA,NA,NA
fc515a9e7050f44515dab5b6fcabc4cf075e18e4,379977,410589,409242,421758,412606,412718,418656,NA,NA,NA,NA,NA,NA,NA,NA,NA,NA,NA,NA,NA,NA
fc8126170e3fbbf95c0d2a9c972e8389945ec7ae,430562,421197,425333,422070,431632,410499,427516,421064,432103,NA,NA,NA,NA,NA,NA,NA,NA,NA,NA,NA,NA
fca08ad8984f4722de9e4ecf785edd1688c47685,426408,414256,431374,421918,430478,428434,414404,431085,431431,NA,NA,NA,NA,NA,NA,NA,NA,NA,NA,NA,NA
fd1251817bd93f0eff0560f2d15c1d3625765a2c,428207,432170,414424,410355,431204,431768,NA,NA,NA,NA,NA,NA,NA,NA,NA,NA,NA,NA,NA,NA,NA
fd199303bcec441f73d6d51c230d89a9eb96379b,429507,431327,425076,430494,421719,430100,410160,426198,430427,425105,429473,420650,424212,430340,427259,NA,NA,NA,NA,NA,NA
fd5231066d36e45be09c753ebf90f49530a015ef,417471,415727,428086,412884,423360,407483,428559,422798,412405,422168,396741,429399,403948,412288,430672,430129,NA,NA,NA,NA,NA
fd67caf37b70eb8cb9ad38fc93bbf0790fc96bf7,426106,425135,432095,432546,430694,425098,428138,431757,399660,NA,NA,NA,NA,NA,NA,NA,NA,NA,NA,NA,NA
fd6d197954c3189cc736178b19f7775f79104154,430518,421973,428605,429347,430349,432341,433212,432508,420955,418820,NA,NA,NA,NA,NA,NA,NA,NA,NA,NA,NA
fdc7fb3a7338cfc12b0e7f5becec37865a565f88,401319,408444,424869,429555,404195,427580,NA,NA,NA,NA,NA,NA,NA,NA,NA,NA,NA,NA,NA,NA,NA
fde8d844104fc0a72e5a39611f79b2144583ea36,430393,412583,390127,423277,430040,405331,NA,NA,NA,NA,NA,NA,NA,NA,NA,NA,NA,NA,NA,NA,NA
fe1d156545c564eaca5831f90528c33f9d776974,432688,430433,417428,431339,418843,396727,432278,413600,410690,415931,NA,NA,NA,NA,NA,NA,NA,NA,NA,NA,NA
fed291d9a8f655efd16dc692d7af589716182d5c,413589,433259,426014,409047,422021,431065,NA,NA,NA,NA,NA,NA,NA,NA,NA,NA,NA,NA,NA,NA,NA
feefb6ca4e428f01f5836943bdd1eb4b5c6374f7,431380,427271,431462,432734,421752,423738,420973,429149,427223,429608,NA,NA,NA,NA,NA,NA,NA,NA,NA,NA,NA
ff2e534305f00eb7fd38965d796bb779ce111c45,421265,408051,423358,423059,428101,390801,409635,416398,416698,396083,NA,NA,NA,NA,NA,NA,NA,NA,NA,NA,NA
ff47e119c9d0bb3398907a36127d0c2b2e8b72fc,394838,406327,399792,412514,419892,414482,424159,416484,NA,NA,NA,NA,NA,NA,NA,NA,NA,NA,NA,NA,NA
